All Sl. No.,Sl. No.,WMG_ID,WMG Name,Polder Number,WMA Name,Union,Upazila,District,Number of CII,Total Area (ac),Financial Years,Number of Male Participants,Number of Female Participants,Total Participants,Previous Cropping pattern ,Practiced Cropping Pattern,Variety introduce,Previous Cropping Intensity,Present Cropping Intensity,Remarks
1,1,4032_22_2101,Amodkhali khal,2,Amodkhali Sluice WMA,Dhulihar,Satkhira Sadar,Satkhira,,0,,0,0,0,,,,,,
2,2,4032_22_2201,Andarmanik khal,2,Moheswarkati Sluice WMA,Budhata,Assasuni,Satkhira,,0,,0,0,0,,,,,,
3,3,4032_22_2301,Baluigachha Dhulihar,2,SSM Sluice WMA,Dhulihar,Satkhira Sadar,Satkhira,,0,,0,0,0,,,,,,
4,4,4032_22_2302,Bardal Baghdangi,2,SSM Sluice WMA,Dhulihar,Satkhira Sadar,Satkhira,,0,,0,0,0,,,,,,
5,5,4032_22_2303,Bardal Paschim Para,2,SSM Sluice WMA,Dhulihar,Satkhira Sadar,Satkhira,,0,,0,0,0,,,,,,
6,6,4032_22_2304,Berbari-Tamal tala,2,SSM Sluice WMA,Dhulihar,Satkhira Sadar,Satkhira,,0,,0,0,0,,,,,,
7,7,4032_22_2203,Beula Nayeber khal,2,Moheswarkati Sluice WMA,Budhata,Assasuni,Satkhira,,0,,0,0,0,,,,,,
8,8,4032_22_2216,Budhhata Dakshinpara Bakri Beeler khal,2,Moheswarkati Sluice WMA,Budhata,Assasuni,Satkhira,,0,,0,0,0,,,,,,
9,9,4032_22_2211,Budhhata Paschim Para,2,Moheswarkati Sluice WMA,Budhata,Assasuni,Satkhira,,0,,0,0,0,,,,,,
10,10,4032_22_2102,Buramara,2,Amodkhali Sluice WMA,Fingri,Satkhira Sadar,Satkhira,,0,,0,0,0,,,,,,
11,11,4032_22_2103,Chelar Beeler khal,2,Amodkhali Sluice WMA,Brahma Rajpur,Satkhira Sadar,Satkhira,1,5,2018-2019,15,0,15,T Aman - Fallow- Boro,T Aman - Mustard - Boro,"BRRI dhan 49, BARI Shorisa 14, BRRI Dhan 28",200%,300%,
12,12,4032_22_2104,Dakshin Buramara,2,Amodkhali Sluice WMA,Fingri,Satkhira Sadar,Satkhira,,0,,0,0,0,,,,,,
13,13,4032_22_2210,Dakshin Chapra khal,2,Moheswarkati Sluice WMA,Budhata,Assasuni,Satkhira,,0,,0,0,0,,,,,,
14,14,4032_22_2305,Damarpota khal,2,SSM Sluice WMA,Dhulihar,Satkhira Sadar,Satkhira,,0,,0,0,0,,,,,,
15,15,4032_22_2306,Darar khal,2,SSM Sluice WMA,Dhulihar,Satkhira Sadar,Satkhira,,0,,0,0,0,,,,,,
16,16,4032_22_2105,Darikkha khal,2,Amodkhali Sluice WMA,Fingri,Satkhira Sadar,Satkhira,1,4.5,2018-2019,10,0,10,T Aman - Fallow- Boro,T Aman - Mustard - Boro,"BRRI dhan 49, BARI Shorisa 14, BRRI Dhan 28",200%,300%,
17,17,4032_22_2215,Delkhola khal,2,Moheswarkati Sluice WMA,Budhata,Assasuni,Satkhira,,0,,0,0,0,,,,,,
18,18,4032_22_2106,Dheghur Beeler khal,2,Amodkhali Sluice WMA,Fingri,Satkhira Sadar,Satkhira,,0,,0,0,0,,,,,,
19,19,4032_22_2307,Dhulihar Nath para,2,SSM Sluice WMA,Dhulihar,Satkhira Sadar,Satkhira,1,4.6,2018-2019,10,0,10,T Aman - Fallow- Boro,T Aman - Mustard - Boro,"BRRI dhan 49, BARI Shorisa 14, BRRI Dhan 28",200%,300%,
20,20,4032_22_2308,Fatiker Beeler khal,2,SSM Sluice WMA,Brahma Rajpur,Satkhira Sadar,Satkhira,,0,,0,0,0,,,,,,
21,21,4032_22_2107,Ghoshkhali Khal,2,Amodkhali Sluice WMA,Fingri,Satkhira Sadar,Satkhira,,0,,0,0,0,,,,,,
22,22,4032_22_2309,Gobindapur Uttar,2,SSM Sluice WMA,Dhulihar,Satkhira Sadar,Satkhira,1,3.15,2018-2019,16,0,16,T Aman - Fallow- Boro,T Aman - Mustard - Boro,"BRRI dhan 49, BARI Shorisa 14, BRRI Dhan 28",200%,300%,
23,23,4032_22_2401,Gopinathpur Beeler khal,2,Extension Part 2 WMA,Labsa,Satkhira Sadar,Satkhira,,0,,0,0,0,,,,,,
24,24,4032_22_2108,Guddir Beeler khal,2,Amodkhali Sluice WMA,Brahma Rajpur,Satkhira Sadar,Satkhira,,0,,0,0,0,,,,,,
25,25,4032_22_2109,Hazikhali khal,2,Amodkhali Sluice WMA,Dhulihar,Satkhira Sadar,Satkhira,,0,,0,0,0,,,,,,
26,26,4032_22_2209,Himkhali khal,2,Moheswarkati Sluice WMA,Budhata,Assasuni,Satkhira,,0,,0,0,0,,,,,,
27,27,4032_22_2310,Jeala Badhandanga,2,SSM Sluice WMA,Brahma Rajpur,Satkhira Sadar,Satkhira,,0,,0,0,0,,,,,,
28,28,4032_22_2110,Jhiyar khal,2,Amodkhali Sluice WMA,Fingri,Satkhira Sadar,Satkhira,,0,,0,0,0,,,,,,
29,29,4032_22_2214,Jordia Eru khal,2,Moheswarkati Sluice WMA,Fingri,Satkhira Sadar,Satkhira,,0,,0,0,0,,,,,,
30,30,4032_22_2208,Jori Beeler khal,2,Moheswarkati Sluice WMA,Budhata,Assasuni,Satkhira,,0,,0,0,0,,,,,,
31,31,4032_22_2406,Khajurdanga Khal,2,Extension Part 2 WMA,Labsa,Satkhira Sadar,Satkhira,,0,,0,0,0,,,,,,
32,32,4032_22_2111,Kochuar Beeler khal,2,Amodkhali Sluice WMA,Brahma Rajpur,Satkhira Sadar,Satkhira,,0,,0,0,0,,,,,,
33,33,4032_22_2402,Koi Khali - Fulbari Kata khal,2,Extension Part 2 WMA,Labsa,Satkhira Sadar,Satkhira,,0,,0,0,0,,,,,,
34,34,4032_22_2112,Koikhali khal,2,Amodkhali Sluice WMA,Fingri,Satkhira Sadar,Satkhira,,0,,0,0,0,,,,,,
35,35,4032_22_2113,Kulla Amodkhali khal,2,Amodkhali Sluice WMA,Kulla,Assasuni,Satkhira,,0,,0,0,0,,,,,,
36,36,4032_22_2204,Lambadanga Zamirer khal,2,Moheswarkati Sluice WMA,Budhata,Assasuni,Satkhira,,0,,0,0,0,,,,,,
37,37,4032_22_2311,Madhya Adahrmanik Khal,2,SSM Sluice WMA,Dhulihar,Satkhira Sadar,Satkhira,,0,,0,0,0,,,,,,
38,38,4032_22_2114,Morichchap,2,Amodkhali Sluice WMA,Fingri,Satkhira Sadar,Satkhira,,0,,0,0,0,,,,,,
39,39,4032_22_2403,Mukundapur Beeler Khal,2,Extension Part 2 WMA,Balli and Jhaudanga,Satkhira Sadar,Satkhira,,0,,0,0,0,,,,,,
40,40,4032_22_2205,Naikati Bottala khal,2,Moheswarkati Sluice WMA,Budhata,Assasuni,Satkhira,,0,,0,0,0,,,,,,
41,41,4032_22_2207,Nobadkhali khal,2,Moheswarkati Sluice WMA,Budhata,Assasuni,Satkhira,,0,,0,0,0,,,,,,
42,42,4032_22_2202,Nowa Para,2,Moheswarkati Sluice WMA,Budhata,Assasuni,Satkhira,,0,,0,0,0,,,,,,
43,43,4032_22_2115,Pallerchand khal,2,Amodkhali Sluice WMA,Fingri,Satkhira Sadar,Satkhira,,0,,0,0,0,,,,,,
44,44,4032_22_2116,Paschim Chelar Beeler khal,2,Amodkhali Sluice WMA,Fingri,Satkhira Sadar,Satkhira,,0,,0,0,0,,,,,,
45,45,4032_22_2312,Pashchim  Maskhola Paschim,2,SSM Sluice WMA,Brahma Rajpur,Satkhira Sadar,Satkhira,,0,,0,0,0,,,,,,
46,46,4032_22_2313,Pashchim  Maskhola Purba,2,SSM Sluice WMA,Brahma Rajpur,Satkhira Sadar,Satkhira,,0,,0,0,0,,,,,,
47,47,4032_22_2117,Purba Amodkhali khal,2,Amodkhali Sluice WMA,Dhulihar,Satkhira Sadar,Satkhira,1,7,2018-2019,21,0,21,T Aman - Fallow -Boro,T Aman-Mustard -Boro,"BRRI dhan 49, BARI Shorisa 14, BRRI Dhan 28",200%,300%,
48,48,4032_22_2118,Purba Buramara khal,2,Amodkhali Sluice WMA,Fingri,Satkhira Sadar,Satkhira,,0,,0,0,0,,,,,,
49,49,4032_22_2119,Purba Kochuar Beeler khal,2,Amodkhali Sluice WMA,Brahma Rajpur,Satkhira Sadar,Satkhira,,0,,0,0,0,,,,,,
50,50,4032_22_2314,Purba Maskhola Paschim,2,SSM Sluice WMA,Brahma Rajpur,Satkhira Sadar,Satkhira,,0,,0,0,0,,,,,,
51,51,4032_22_2315,Purba Maskhola Purba,2,SSM Sluice WMA,Brahma Rajpur,Satkhira Sadar,Satkhira,,0,,0,0,0,,,,,,
52,52,4032_22_2404,Rajnagar O Khelardangi khal,2,Extension Part 2 WMA,Labsa,Satkhira Sadar,Satkhira,,0,,0,0,0,,,,,,
53,53,4032_22_2316,Sana Para,2,SSM Sluice WMA,Dhulihar,Satkhira Sadar,Satkhira,,0,,0,0,0,,,,,,
54,54,4032_22_2317,Shalley Paschim Para O Beradangi,2,SSM Sluice WMA,Brahma Rajpur,Satkhira Sadar,Satkhira,,0,,0,0,0,,,,,,
55,55,4032_22_2318,Shalley Purba Para,2,SSM Sluice WMA,Brahma Rajpur,Satkhira Sadar,Satkhira,,0,,0,0,0,,,,,,
56,56,4032_22_2120,Shimulbaria khal,2,Amodkhali Sluice WMA,Fingri,Satkhira Sadar,Satkhira,,0,,0,0,0,,,,,,
57,57,4032_22_2121,Shishar Khal,2,Amodkhali Sluice WMA,Brahma Rajpur,Satkhira Sadar,Satkhira,,0,,0,0,0,,,,,,
58,58,4032_22_2122,Shoilmari Khal,2,Amodkhali Sluice WMA,Fingri,Satkhira Sadar,Satkhira,,0,,0,0,0,,,,,,
59,59,4032_22_2319,Suparighata O Sana Para,2,SSM Sluice WMA,Dhulihar,Satkhira Sadar,Satkhira,,0,,0,0,0,,,,,,
60,60,4032_22_2206,Surjakhali khal-02,2,Moheswarkati Sluice WMA,Budhata,Assasuni,Satkhira,1,5.6,2018-2019,7,0,7,T Aman - Fallow -Boro,T Aman - Mustard - Boro,"BRRI dhan 39, BARI Shorisa 14, BRRI Dhan 28",200%,300%,
61,61,4032_22_2213,Surjokhali Khal-01,2,Moheswarkati Sluice WMA,Budhata,Assasuni,Satkhira,,0,,0,0,0,,,,,,
62,62,4032_22_2212,Umarkhali khal,2,Moheswarkati Sluice WMA,Budhata,Assasuni,Satkhira,,0,,0,0,0,,,,,,
63,63,4032_22_2405,Uttar and Dakkhin Debnagar,2,Extension Part 2 WMA,Labsa,Satkhira Sadar,Satkhira,,0,,0,0,0,,,,,,
64,64,4032_22_2123,Uttar Palechand Khal,2,Amodkhali Sluice WMA,Dhulihar,Satkhira Sadar,Satkhira,,0,,0,0,0,,,,,,
65,1,4022222101,Bigardana,22,Dihibura Khal WMA,Deluti,Paikgacha,Khulna,,0,,0,0,0,,,,,,
66,2,4022222102,Darun Mallik,22,Dihibura Khal WMA,Deluti,Paikgacha,Khulna,,0,,0,0,0,,,,,,
67,3,4022222103,Durgapur,22,Dihibura Khal WMA,Deluti,Paikgacha,Khulna,,0,,0,0,0,,,,,,
68,4,4022222104,Fulbari,22,Dihibura Khal WMA,Deluti,Paikgacha,Khulna,1,1,2017-2018,1,0,1,"T-Aman - Fallow - Sesame
T aman -Fallow - Fallow","T Aman- Mustard - Sesame
T Aman - Fallow -Sesame","BRRI Dhan 49, BARI Shorisa 14",150%,200%,"Due to waterlogging, Mustard seeds can not be cultivated."
69,5,4022222105,Gopepagla,22,Dihibura Khal WMA,Deluti,Paikgacha,Khulna,,0,,0,0,0,,,,,,
70,6,4022222106,Harinkhola,22,Dihibura Khal WMA,Deluti,Paikgacha,Khulna,1,1,2017 -2018,3,0,3,"T-Aman - Fallow - Sesame
T aman -Fallow - Fallow","T Aman- Mustard - Sesame
T Aman - Fallow -Sesame","BRRI Dhan 49, BARI Shorisa 14",150%,200%,"Due to waterlogging, Mustard seeds can not be cultivated."
71,7,4022222107,Hatbari,22,Dihibura Khal WMA,Deluti,Paikgacha,Khulna,,0,,0,0,0,,,,,,
72,8,4022222108,Kalinagar,22,Dihibura Khal WMA,Deluti,Paikgacha,Khulna,,0,,0,0,0,,,,,,
73,9,4022222109,Noai,22,Dihibura Khal WMA,Deluti,Paikgacha,Khulna,,0,,0,0,0,,,,,,
74,10,4022222110,Saidkhali,22,Dihibura Khal WMA,Deluti,Paikgacha,Khulna,,0,,0,0,0,,,,,,
75,11,4022222111,Senerber,22,Dihibura Khal WMA,Deluti,Paikgacha,Khulna,,0,,0,0,0,,,,,,
76,12,4022222112,Telikhali,22,Dihibura Khal WMA,Deluti,Paikgacha,Khulna,,0,,0,0,0,,,,,,
77,1,4012525101,Alka,25,Polder 25 WMA,Damodar,Phultala,Khulna,,0,,0,0,0,,,,,,
78,2,4012525102,Andulia,25,Polder 25 WMA,Raghunathpur,Dumuria,Khulna,,0,,0,0,0,,,,,,
79,3,4012525103,Angardoha -singha,25,Polder 25 WMA,Kharnia,Dumuria,Khulna,,0,,0,0,0,,,,,,
80,4,4012525104,Baddakati,25,Polder 25 WMA,Jamira,Phultala,Khulna,,0,,0,0,0,,,,,,
81,5,4012525105,Bamundia,25,Polder 25 WMA,Kharnia,Dumuria,Khulna,,0,,0,0,0,,,,,,
82,6,4012525106,Baniapukur-Garakhola Uttar,25,Polder 25 WMA,Damodar,Phultala,Khulna,,0,,0,0,0,,,,,,
83,7,4012525107,Baruna,25,Polder 25 WMA,Dhamalia,Dumuria,Khulna,,0,,0,0,0,,,,,,
84,8,4012525108,Bhadradia,25,Polder 25 WMA,Kharnia,Dumuria,Khulna,,0,,0,0,0,,,,,,
85,9,4012525109,Borunpara,25,Polder 25 WMA,Damodar,Phultala,Khulna,,0,,0,0,0,,,,,,
86,10,4012525110,Botbera-Baranosi,25,Polder 25 WMA,Rangpur,Dumuria,Khulna,,0,,0,0,0,,,,,,
87,11,4012525111,Chahera,25,Polder 25 WMA,Rudaghara,Dumuria,Khulna,,0,,0,0,0,,,,,,
88,12,4012525112,Chechuri,25,Polder 25 WMA,Dhamalia,Dumuria,Khulna,,0,,0,0,0,,,,,,
89,13,4012525113,Chhatiani,25,Polder 25 WMA,Jamira,Phultala,Khulna,,0,,0,0,0,,,,,,
90,14,4012525114,Chhaybaria,25,Polder 25 WMA,Dhamalia,Dumuria,Khulna,,0,,0,0,0,,,,,,
91,15,4012525115,Dakatia,25,Polder 25 WMA,Atra Gilatala,Phultala,Khulna,,0,,0,0,0,,,,,,
92,16,4012525116,Damodar,25,Polder 25 WMA,Damodar,Phultala,Khulna,1,7.2,2018-2019,16,0,16,T-Aman - Fallow - Boro,T Aman- Mustard - Boro,"BRRI Dhan 49, BARI Shorisa 14, BRRI Dhan 58",200%,300%,
93,17,4012525117,Damodar Paschim,25,Polder 25 WMA,Damodar,Phultala,Khulna,,0,,0,0,0,,,,,,
94,18,4012525118,Daokona,25,Polder 25 WMA,Jamira,Phultala,Khulna,,0,,0,0,0,,,,,,
95,19,4012525119,Deruli,25,Polder 25 WMA,Raghunathpur,Dumuria,Khulna,,0,,0,0,0,,,,,,
96,20,4012525120,Dhamalia,25,Polder 25 WMA,Dhamalia,Dumuria,Khulna,,0,,0,0,0,,,,,,
97,21,4012525121,Dohakula,25,Polder 25 WMA,Dhamalia,Dumuria,Khulna,,0,,0,0,0,,,,,,
98,22,4012525122,Dopakhola,25,Polder 25 WMA,Jamira,Phultala,Khulna,,0,,0,0,0,,,,,,
99,23,4012525123,Garakhola,25,Polder 25 WMA,Damodar,Phultala,Khulna,,0,,0,0,0,,,,,,
100,24,4012525124,Ghona Madardangha,25,Polder 25 WMA,Rangpur,Dumuria,Khulna,,0,,0,0,0,,,,,,
101,25,4012525125,Gojendropur,25,Polder 25 WMA,Raghunathpur,Dumuria,Khulna,,0,,0,0,0,,,,,,
102,26,4012525126,Gonali,25,Polder 25 WMA,Kharnia,Dumuria,Khulna,,0,,0,0,0,,,,,,
103,27,4012525127,Hasanpur- Mikshimil Dakshin,25,Polder 25 WMA,Rudaghara,Dumuria,Khulna,,0,,0,0,0,,,,,,
104,28,4012525128,Jamira Dakshin,25,Polder 25 WMA,Jamira,Phultala,Khulna,,0,,0,0,0,,,,,,
105,29,4012525129,Jamira Uttar,25,Polder 25 WMA,Jamira,Phultala,Khulna,,0,,0,0,0,,,,,,
106,30,4012525130,Katenggha,25,Polder 25 WMA,Dhamalia,Dumuria,Khulna,,0,,0,0,0,,,,,,
107,31,4012525131,Khornia,25,Polder 25 WMA,Kharnia,Dumuria,Khulna,1,4.64,2018-2019,7,0,7,T Aman - Fallow - Vegetable,"T Aman-Mustard-Vegetable
Taman - Mustard- Boro","BRRI Dhan 49, BARI Shorisa 14, Hybrid ladies finger, BRRI Dhan 58",200%,300%,
108,32,4012525132,Khorsongha,25,Polder 25 WMA,Rudaghara,Dumuria,Khulna,,0,,0,0,0,,,,,,
109,33,4012525133,Kishnanagar,25,Polder 25 WMA,Raghunathpur,Dumuria,Khulna,,0,,0,0,0,,,,,,
110,34,4012525134,Kumrail,25,Polder 25 WMA,Raghunathpur,Dumuria,Khulna,,0,,0,0,0,,,,,,
111,35,4012525135,Mikshimil,25,Polder 25 WMA,Rudaghara,Dumuria,Khulna,,0,,0,0,0,,,,,,
112,36,4012525136,Modhurgram,25,Polder 25 WMA,Rudaghara,Dumuria,Khulna,,0,,0,0,0,,,,,,
113,37,4012525137,Moshiali,25,Polder 25 WMA,Atra Gilatala,Phultala,Khulna,,0,,0,0,0,,,,,,
114,38,4012525138,Mujaghuta,25,Polder 25 WMA,Rangpur,Dumuria,Khulna,,0,,0,0,0,,,,,,
115,39,4012525139,Pakuria- Tolana Dakshin,25,Polder 25 WMA,Dhamalia,Dumuria,Khulna,,0,,0,0,0,,,,,,
116,40,4012525140,Panchputa-Panchuria,25,Polder 25 WMA,Kharnia,Dumuria,Khulna,,0,,0,0,0,,,,,,
117,41,4012525141,Pariadangha,25,Polder 25 WMA,Atra Gilatala,Phultala,Khulna,,0,,0,0,0,,,,,,
118,42,4012525142,Piprail,25,Polder 25 WMA,Jamira,Phultala,Khulna,,0,,0,0,0,,,,,,
119,43,4012525143,Pothiabanda,25,Polder 25 WMA,Jamira,Phultala,Khulna,,0,,0,0,0,,,,,,
120,44,4012525144,Raghunathpur,25,Polder 25 WMA,Raghunathpur,Dumuria,Khulna,,0,,0,0,0,,,,,,
121,45,4012525145,Ramkrishnapur,25,Polder 25 WMA,Rangpur,Dumuria,Khulna,,0,,0,0,0,,,,,,
122,46,4012525146,Ranai,25,Polder 25 WMA,Kharnia,Dumuria,Khulna,,0,,0,0,0,,,,,,
123,47,4012525147,Rangpur Madhya,25,Polder 25 WMA,Rangpur,Dumuria,Khulna,,0,,0,0,0,,,,,,
124,48,4012525148,Rangpur Paschim,25,Polder 25 WMA,Rangpur,Dumuria,Khulna,,0,,0,0,0,,,,,,
125,49,4012525149,Rangpur Purba,25,Polder 25 WMA,Rangpur,Dumuria,Khulna,,0,,0,0,0,,,,,,
126,50,4012525150,Rudaghora,25,Polder 25 WMA,Rudaghara,Dumuria,Khulna,1,5,2018-2019,16,0,16,T Aman - Fallow - Boro,T Aman - Mustard - Boro,"BRRI Dhan 49, BARI Shorisa 14, BRRI Dhan-58",200%,300%,
127,51,4012525151,Ruprampur,25,Polder 25 WMA,Raghunathpur,Dumuria,Khulna,,0,,0,0,0,,,,,,
128,52,4012525152,Saravita,25,Polder 25 WMA,Rangpur,Dumuria,Khulna,,0,,0,0,0,,,,,,
129,53,4012525153,Sardardangha,25,Polder 25 WMA,Arongghata,Dighalia,Khulna,,0,,0,0,0,,,,,,
130,54,4012525154,Shahpur Paschim,25,Polder 25 WMA,Raghunathpur,Dumuria,Khulna,,0,,0,0,0,,,,,,
131,55,4012525155,Shahpur Purba,25,Polder 25 WMA,Raghunathpur,Dumuria,Khulna,,0,,0,0,0,,,,,,
132,56,4012525156,Shalua,25,Polder 25 WMA,Rangpur,Dumuria,Khulna,,0,,0,0,0,,,,,,
133,57,4012525157,Shoulgatia,25,Polder 25 WMA,Rudaghara,Dumuria,Khulna,,0,,0,0,0,,,,,,
134,58,4012525158,Teligati,25,Polder 25 WMA,Jogipol,Dighalia,Khulna,,0,,0,0,0,,,,,,
135,59,4012525159,Thukra,25,Polder 25 WMA,Raghunathpur,Dumuria,Khulna,,0,,0,0,0,,,,,,
136,60,4012525160,Tipna,25,Polder 25 WMA,Kharnia,Dumuria,Khulna,,0,,0,0,0,,,,,,
137,61,4012525161,Tolna,25,Polder 25 WMA,Dhamalia,Dumuria,Khulna,,0,,0,0,0,,,,,,
138,1,4012626101,Bagmara,26,Shakhabai Khal WMA,Sovna,Dumuria,Khulna,,0,,0,0,0,,,,,,
139,2,4012626102,Balabunia Gopalnagar,26,Shakhabai Khal WMA,Sovna,Dumuria,Khulna,,0,,0,0,0,,,,,,
140,3,4012626103,Dakshin Chingra,26,Shakhabai Khal WMA,Sovna,Dumuria,Khulna,,0,,0,0,0,,,,,,
141,4,4012626104,Jialtala,26,Shakhabai Khal WMA,Sovna,Dumuria,Khulna,,0,,0,0,0,,,,,,
142,5,4012626105,Kadamtala,26,Shakhabai Khal WMA,Sovna,Dumuria,Khulna,,0,,0,0,0,,,,,,
143,6,4012626106,Kakmari,26,Shakhabai Khal WMA,Sovna,Dumuria,Khulna,,0,,0,0,0,,,,,,
144,7,4012626107,Madhya Sovna (Paschim),26,Shakhabai Khal WMA,Sovna,Dumuria,Khulna,,0,,0,0,0,,,,,,
145,8,4012626108,Madhya Sovna (Purba),26,Shakhabai Khal WMA,Sovna,Dumuria,Khulna,,0,,0,0,0,,,,,,
146,9,4012626109,Malmalia,26,Shakhabai Khal WMA,Sovna,Dumuria,Khulna,,0,,0,0,0,,,,,,
147,10,4012626110,Paschim  Sovna (Dakshin),26,Shakhabai Khal WMA,Sovna,Dumuria,Khulna,,0,,0,0,0,,,,,,
148,11,4012626111,Paschim  Sovna (Uttar),26,Shakhabai Khal WMA,Sovna,Dumuria,Khulna,,0,,0,0,0,,,,,,
149,12,4012626112,Patibunia,26,Shakhabai Khal WMA,Sovna,Dumuria,Khulna,,0,,0,0,0,,,,,,
150,13,4012626113,Purba Sovna Paschim,26,Shakhabai Khal WMA,Sovna,Dumuria,Khulna,,0,,0,0,0,,,,,,
151,14,4012626114,Shibpur Badurgachha,26,Shakhabai Khal WMA,Sovna,Dumuria,Khulna,2,10,2017-2018,13,0,13,T-Aman - Fallow - Fallow,T Aman -Watermelon-falow,BINA 10,100%,140%,"Some areas cultivated watermelon, and most of the land was remain fallow due to insufficient irrigation facilities. "
152,15,4012626115,Uttar Chingra,26,Shakhabai Khal WMA,Sovna,Dumuria,Khulna,,0,,0,0,0,,,,,,
153,1,40127_127_1101,Araji Dumuria  Paschim,27-Jan,Polder 27/1 WMA,Dumuria,Dumuria,Khulna,,0,,0,0,0,,,,,,
154,2,40127_127_1102,Araji Dumuria Purba,27-Jan,Polder 27/1 WMA,Dumuria,Dumuria,Khulna,,0,,0,0,0,,,,,,
155,3,40127_127_1103,Araji Sajiara,27-Jan,Polder 27/1 WMA,Dumuria,Dumuria,Khulna,,0,,0,0,0,,,,,,
156,4,40127_127_1104,Barodangha-Jelerdangha,27-Jan,Polder 27/1 WMA,Gutudia,Dumuria,Khulna,,0,,0,0,0,,,,,,
157,5,40127_127_1105,Bilpatiyala,27-Jan,Polder 27/1 WMA,Raghunathpur,Dumuria,Khulna,,0,,0,0,0,,,,,,
158,6,40127_127_1106,Gutudia  Uttar,27-Jan,Polder 27/1 WMA,Gutudia,Dumuria,Khulna,,0,,0,0,0,,,,,,
159,7,40127_127_1107,Hajidangha,27-Jan,Polder 27/1 WMA,Dumuria,Dumuria,Khulna,,0,,0,0,0,,,,,,
160,8,40127_127_1108,Jilerdangha,27-Jan,Polder 27/1 WMA,Gutudia,Dumuria,Khulna,,0,,0,0,0,,,,,,
161,9,40127_127_1109,Khajura,27-Jan,Polder 27/1 WMA,Dumuria,Dumuria,Khulna,,0,,0,0,0,,,,,,
162,10,40127_127_1110,Kholshi,27-Jan,Polder 27/1 WMA,Dumuria,Dumuria,Khulna,,0,,0,0,0,,,,,,
163,11,40127_127_1111,Khoria,27-Jan,Polder 27/1 WMA,Gutudia,Dumuria,Khulna,,0,,0,0,0,,,,,,
164,12,40127_127_1112,Madhabkati,27-Jan,Polder 27/1 WMA,Raghunathpur,Dumuria,Khulna,,0,,0,0,0,,,,,,
165,13,40127_127_1113,Mirjapur,27-Jan,Polder 27/1 WMA,Dumuria,Dumuria,Khulna,,0,,0,0,0,,,,,,
166,14,40127_127_1114,Sajiara,27-Jan,Polder 27/1 WMA,Dumuria,Dumuria,Khulna,,0,,0,0,0,,,,,,
167,15,40127_127_1115,Ukhra,27-Jan,Polder 27/1 WMA,Kharnia,Dumuria,Khulna,,0,,0,0,0,,,,,,
168,1,40127_227_2101,Bahadurpur,27-Feb,Polder 27/2 WMA,Kharnia,Dumuria,Khulna,,0,,0,0,0,,,,,,
169,2,40127_227_2102,Ghona Bardangha,27-Feb,Polder 27/2 WMA,Gutudia,Dumuria,Khulna,,0,,0,0,0,,,,,,
170,3,40127_227_2103,Golna WMG,27-Feb,Polder 27/2 WMA,Dumuria,Dumuria,Khulna,,0,,0,0,0,,,,,,
171,4,40127_227_2104,Gutudia Dakshin,27-Feb,Polder 27/2 WMA,Gutudia,Dumuria,Khulna,,0,,0,0,0,,,,,,
172,5,40127_227_2105,Kamolpur,27-Feb,Polder 27/2 WMA,Gutudia,Dumuria,Khulna,,0,,0,0,0,,,,,,
173,6,40127_227_2106,Machhaghona,27-Feb,Polder 27/2 WMA,Kharnia,Dumuria,Khulna,1,4,2018-2019,10,0,10,T Aman- Fallow - Boro,T Aman - Mustard - Boro,"BRRI Dhan 49, BARI Shorisa 14, BRRI Dhan-58",200%,200%,"Zero tillage Mustard was cultivated but not harvested due to early cultivation of Boro rice, "
174,1,40128_128_1101,Aliapur,28-Jan,Polder 28/1 WMA,Jalma,Batiaghata,Khulna,1,6,2018-2019,10,0,10,T Aman- Fallow - Boro,T Aman - Mustard - Boro,"BRRI Dhan 49, BARI Shorisa 14, BRRI Dhan-58",200%,200%,"Due to waterlogging, Mustard seeds can not be cultivated."
175,2,40128_128_1102,Badurgachha,28-Jan,Polder 28/1 WMA,Gutudia,Dumuria,Khulna,,0,,0,0,0,,,,,,
176,3,40128_128_1103,Khamarbati,28-Jan,Polder 28/1 WMA,Gutudia,Dumuria,Khulna,,0,,0,0,0,,,,,,
177,4,40128_128_1104,Kuluti,28-Jan,Polder 28/1 WMA,Gutudia,Dumuria,Khulna,,0,,0,0,0,,,,,,
178,5,40128_128_1105,Lata,28-Jan,Polder 28/1 WMA,Gutudia,Dumuria,Khulna,,0,,0,0,0,,,,,,
179,6,40128_128_1106,Line Bilpabla,28-Jan,Polder 28/1 WMA,Gutudia,Dumuria,Khulna,,0,,0,0,0,,,,,,
180,7,40128_128_1108,Panchu,28-Jan,Polder 28/1 WMA,Gutudia,Dumuria,Khulna,,0,,0,0,0,,,,,,
181,8,40128_128_1107,Paschim Bilpabla,28-Jan,Polder 28/1 WMA,Gutudia,Dumuria,Khulna,,0,,0,0,0,,,,,,
182,9,40128_128_1109,Purba Bilpabla,28-Jan,Polder 28/1 WMA,Gutudia,Dumuria,Khulna,,0,,0,0,0,,,,,,
183,10,40128_128_1110,Rajbandh,28-Jan,Polder 28/1 WMA,Jalma,Batiaghata,Khulna,,0,,0,0,0,,,,,,
184,11,40128_128_1111,Rajbandh Dakshin,28-Jan,Polder 28/1 WMA,Jalma,Batiaghata,Khulna,,0,,0,0,0,,,,,,
185,12,40128_128_1112,Uttar Bilpabla,28-Jan,Polder 28/1 WMA,Gutudia,Dumuria,Khulna,,0,,0,0,0,,,,,,
186,1,40128_228_2101,Banshbaria,28-Feb,Polder 28/2 WMA,Jalma,Batiaghata,Khulna,1,1,2017-2018,2,0,2,T-Aman - Fallow - Boro,T Aman -Mustard-Boro,"BRRI Dhan 49, BARI Shorisa 14, BRRI Dhan 67 ",200%,200%,"Due to waterlogging, Mustard seeds can not be cultivated."
187,2,40128_228_2102,Chakrakhali-Gozalmari,28-Feb,Polder 28/2 WMA,Jalma,Batiaghata,Khulna,,0,,0,0,0,,,,,,
188,3,40128_228_2103,Chhayghoria,28-Feb,Polder 28/2 WMA,Jalma,Batiaghata,Khulna,1,7.59,2018-2019,14,3,17,T Aman - Fallow - Vegetable,T Aman - Mustard - Vegetable,"BRRI Dhan 49, BARI Shorisa 14, hybrid ladies finger ",200%,300%,
189,4,40128_228_2104,Ghola,28-Feb,Polder 28/2 WMA,Jalma,Batiaghata,Khulna,,0,,0,0,0,,,,,,
190,5,40128_228_2105,Guptomari-Daoniafand,28-Feb,Polder 28/2 WMA,Jalma,Batiaghata,Khulna,,0,,0,0,0,,,,,,
191,6,40128_228_2106,JBSR,28-Feb,Polder 28/2 WMA,Jalma,Batiaghata,Khulna,,0,,0,0,0,,,,,,
192,7,40128_228_2107,Jharbangha,28-Feb,Polder 28/2 WMA,Jalma,Batiaghata,Khulna,1,1,2017-2018,1,0,1,T-Aman - Fallow - Boro,T Aman -wheat- vegetable,"BRRI Dhan 49, ",200%,300%,
193,8,40128_228_2108,Joykhali,28-Feb,Polder 28/2 WMA,Jalma,Batiaghata,Khulna,,0,,0,0,0,,,,,,
194,9,40128_228_2109,Nijkhamer,28-Feb,Polder 28/2 WMA,Jalma,Batiaghata,Khulna,,0,,0,0,0,,,,,,
195,10,40128_228_2110,Rangamari,28-Feb,Polder 28/2 WMA,Jalma,Batiaghata,Khulna,,0,,0,0,0,,,,,,
196,11,40128_228_2111,Sachibunia,28-Feb,Polder 28/2 WMA,Jalma,Batiaghata,Khulna,,0,,0,0,0,,,,,,
197,12,40128_228_2112,Shoilmari,28-Feb,Polder 28/2 WMA,Jalma,Batiaghata,Khulna,,0,,0,0,0,,,,,,
198,1,4012929214,Akra-Bahir Akra,29,Chatchatia Sluice WMA,Sharafpur,Dumuria,Khulna,,0,,0,0,0,,,,,,
199,2,4012929215,Asannagar,29,Chatchatia Sluice WMA,Sharafpur,Dumuria,Khulna,,0,,0,0,0,,,,,,
200,3,4012929201,Baghdari,29,Chatchatia Sluice WMA,Sahas,Dumuria,Khulna,,0,,0,0,0,,,,,,
201,4,4012929101,Bakultala,29,Bakultala Sluice WMA,Bhandarpara,Dumuria,Khulna,,0,,0,0,0,,,,,,
202,5,4012929102,Banda,29,Bakultala Sluice WMA,Bhandarpara,Dumuria,Khulna,,0,,0,0,0,,,,,,
203,6,4012929216,Baniakhali,29,Chatchatia Sluice WMA,Sharafpur,Dumuria,Khulna,,0,,0,0,0,,,,,,
204,7,4012929229,Bara Aria,29,Chatchatia Sluice WMA,Surkhali,Batiaghata,Khulna,,0,,0,0,0,,,,,,
205,8,4012929217,BCG,29,Chatchatia Sluice WMA,Sharafpur,Dumuria,Khulna,,0,,0,0,0,,,,,,
206,9,4012929103,Bhandar Para,29,Bakultala Sluice WMA,Bhandarpara,Dumuria,Khulna,,0,,0,0,0,,,,,,
207,10,4012929218,Bhulbaria,29,Chatchatia Sluice WMA,Sharafpur,Dumuria,Khulna,,0,,0,0,0,,,,,,
208,11,4012929219,Britti Bhulbaria,29,Chatchatia Sluice WMA,Sharafpur,Dumuria,Khulna,,0,,0,0,0,,,,,,
209,12,4012929202,Chatchatia,29,Chatchatia Sluice WMA,Sahas,Dumuria,Khulna,,0,,0,0,0,,,,,,
210,13,4012929220,Dakshin Kalikapur,29,Chatchatia Sluice WMA,Sharafpur,Dumuria,Khulna,,0,,0,0,0,,,,,,
211,14,4012929221,Dakshin Sarappur,29,Chatchatia Sluice WMA,Sharafpur,Dumuria,Khulna,,0,,0,0,0,,,,,,
212,15,4012929203,DGKC,29,Chatchatia Sluice WMA,Sahas,Dumuria,Khulna,,0,,0,0,0,,,,,,
213,16,4012929104,DKB,29,Bakultala Sluice WMA,Bhandarpara,Dumuria,Khulna,,0,,0,0,0,,,,,,
214,17,4012929120,Dumuria Dakshin,29,Bakultala Sluice WMA,Dumuria,Dumuria,Khulna,,0,,0,0,0,,,,,,
215,18,4012929119,Dumuria Uttar,29,Bakultala Sluice WMA,Dumuria,Dumuria,Khulna,,0,,0,0,0,,,,,,
216,19,4012929121,Gajendrapur Dakshin,29,Bakultala Sluice WMA,Sahas,Dumuria,Khulna,1,1.1,2017-2018,1,0,1,T Aman-fallow-Boro,T Aman- Mustard - Boro,"BRRI Dhan 49, BARI Shorisa 14, BRRI Dhan 67 ",200%,300%,
217,20,4012929122,Gajendrapur Uttar,29,Bakultala Sluice WMA,Sahas,Dumuria,Khulna,,0,,0,0,0,,,,,,
218,21,4012929105,Ghona,29,Bakultala Sluice WMA,Bhandarpara,Dumuria,Khulna,,0,,0,0,0,,,,,,
219,22,4012929106,Hajibunia,29,Bakultala Sluice WMA,Bhandarpara,Dumuria,Khulna,1,1,2017-2018,1,0,1,T Aman-fallow-Sesame,T Aman- Mustard - Sesame,"BRRI Dhan 49, BARI Shorisa 14, BARI Sesame 4 ",200%,300%,
220,23,4012929107,Jabra,29,Bakultala Sluice WMA,Bhandarpara,Dumuria,Khulna,1,4.2,2017-2018,5,0,5,T Aman -Fallow - Fallow,T Aman - Mustard - Mung bean,"BRRI Dhan 49, BARI Shorisa 14, BARI Mung 6",100%,300%,
221,24,4012929222,Jhaltala,29,Chatchatia Sluice WMA,Sharafpur,Dumuria,Khulna,,0,,0,0,0,,,,,,
222,25,4012929204,Kagaji Para,29,Chatchatia Sluice WMA,Sahas,Dumuria,Khulna,,0,,0,0,0,,,,,,
223,26,4012929108,Kanchan Nagar,29,Bakultala Sluice WMA,Bhandarpara,Dumuria,Khulna,,0,,0,0,0,,,,,,
224,27,4012929123,Kapalidanga,29,Bakultala Sluice WMA,Sahas,Dumuria,Khulna,,0,,0,0,0,,,,,,
225,28,4012929205,KDC,29,Chatchatia Sluice WMA,Sahas,Dumuria,Khulna,,0,,0,0,0,,,,,,
226,29,4012929223,Keakhali,29,Chatchatia Sluice WMA,Sharafpur,Dumuria,Khulna,,0,,0,0,0,,,,,,
227,30,4012929109,Kharibunia,29,Bakultala Sluice WMA,Bhandarpara,Dumuria,Khulna,,0,,0,0,0,,,,,,
228,31,4012929206,Kharsanda,29,Chatchatia Sluice WMA,Sahas,Dumuria,Khulna,,0,,0,0,0,,,,,,
229,32,4012929230,Kodla Mathbari,29,Chatchatia Sluice WMA,Surkhali,Batiaghata,Khulna,,0,,0,0,0,,,,,,
230,33,4012929207,Kukhia,29,Chatchatia Sluice WMA,Sahas,Dumuria,Khulna,,0,,0,0,0,,,,,,
231,34,4012929110,Lahaidanga,29,Bakultala Sluice WMA,Bhandarpara,Dumuria,Khulna,,0,,0,0,0,,,,,,
232,35,4012929111,Maikhali,29,Bakultala Sluice WMA,Bhandarpara,Dumuria,Khulna,,0,,0,0,0,,,,,,
233,36,4012929208,Noakhati,29,Chatchatia Sluice WMA,Sahas,Dumuria,Khulna,,0,,0,0,0,,,,,,
234,37,4012929112,Orabunia - Rajnagar,29,Bakultala Sluice WMA,Bhandarpara,Dumuria,Khulna,,0,,0,0,0,,,,,,
235,38,4012929113,Perikhali - Chak Sonadanga,29,Bakultala Sluice WMA,Bhandarpara,Dumuria,Khulna,,0,,0,0,0,,,,,,
236,39,4012929209,Rajapur,29,Chatchatia Sluice WMA,Sahas,Dumuria,Khulna,,0,,0,0,0,,,,,,
237,40,4012929114,Rajibpur Dakshin Mahal,29,Bakultala Sluice WMA,Bhandarpara,Dumuria,Khulna,,0,,0,0,0,,,,,,
238,41,4012929224,Ratankhali,29,Chatchatia Sluice WMA,Sharafpur,Dumuria,Khulna,,0,,0,0,0,,,,,,
239,42,4012929210,Sahas Ghoshgati,29,Chatchatia Sluice WMA,Sahas,Dumuria,Khulna,,0,,0,0,0,,,,,,
240,43,4012929212,Sahas Joykhali,29,Chatchatia Sluice WMA,Sahas,Dumuria,Khulna,,0,,0,0,0,,,,,,
241,44,4012929213,Sahas Kumarghata,29,Chatchatia Sluice WMA,Sahas,Dumuria,Khulna,,0,,0,0,0,,,,,,
242,45,4012929211,Sahas Madhyapara,29,Chatchatia Sluice WMA,Sahas,Dumuria,Khulna,,0,,0,0,0,,,,,,
243,46,4012929231,Sambhunagar,29,Chatchatia Sluice WMA,Surkhali,Batiaghata,Khulna,,0,,0,0,0,,,,,,
244,47,4012929225,Senpara,29,Chatchatia Sluice WMA,Sharafpur,Dumuria,Khulna,,0,,0,0,0,,,,,,
245,48,4012929232,Sundar Mahal Paschim,29,Chatchatia Sluice WMA,Surkhali,Batiaghata,Khulna,,0,,0,0,0,,,,,,
246,49,4012929233,Sundar Mahal Purba,29,Chatchatia Sluice WMA,Surkhali,Batiaghata,Khulna,,0,,0,0,0,,,,,,
247,50,4012929226,Taiabpur,29,Chatchatia Sluice WMA,Sharafpur,Dumuria,Khulna,,0,,0,0,0,,,,,,
248,51,4012929115,Taltala Kusarhula,29,Bakultala Sluice WMA,Bhandarpara,Dumuria,Khulna,,0,,0,0,0,,,,,,
249,52,4012929116,Telikhali,29,Bakultala Sluice WMA,Bhandarpara,Dumuria,Khulna,,0,,0,0,0,,,,,,
250,53,4012929117,Ula Charail,29,Bakultala Sluice WMA,Bhandarpara,Dumuria,Khulna,,0,,0,0,0,,,,,,
251,54,4012929118,Ula Dakshin,29,Bakultala Sluice WMA,Bhandarpara,Dumuria,Khulna,,0,,0,0,0,,,,,,
252,55,4012929227,Uttar Kalikapur,29,Chatchatia Sluice WMA,Sharafpur,Dumuria,Khulna,,0,,0,0,0,,,,,,
253,56,4012929228,Uttar Sarappur,29,Chatchatia Sluice WMA,Sharafpur,Dumuria,Khulna,1,1,2017-2018,1,0,1,T Aman-Fallow Boro,T Aman - Mustard -Boro,"BRRI Dhan 49, BARI Shorisa 14, BRRI Dhan 67 ",200%,200%,"Zero tillage Mustard was cultivated but not harvested due to early cultivation of Boro rice, "
254,1,4023030101,Amtala Kodaldaha,30,Batiaghata Khal WMA,Gangarampur,Batiaghata,Khulna,,0,,0,0,0,,,,,,
255,2,4023030102,Andharia Khejurtala,30,Batiaghata Khal WMA,Gangarampur,Batiaghata,Khulna,,0,,0,0,0,,,,,,
256,3,4023030103,Auskhali,30,Batiaghata Khal WMA,Batiaghata,Batiaghata,Khulna,,0,,0,0,0,,,,,,
257,4,4023030104,Baguladanga -Patharghata,30,Batiaghata Khal WMA,Batiaghata,Batiaghata,Khulna,,0,,0,0,0,,,,,,
258,5,4023030105,Bajeafti Debitala,30,Batiaghata Khal WMA,Gangarampur,Batiaghata,Khulna,,0,,0,0,0,,,,,,
259,6,4023030106,Balabunia,30,Batiaghata Khal WMA,Batiaghata,Batiaghata,Khulna,,0,,0,0,0,,,,,,
260,7,4023030107,Barun Para,30,Batiaghata Khal WMA,Gangarampur,Batiaghata,Khulna,,0,,0,0,0,,,,,,
261,8,4023030108,Basurabad,30,Batiaghata Khal WMA,Batiaghata,Batiaghata,Khulna,1,1,2017-2018,1,0,1,T Aman -Fallow - Fallow,T Aman - Mustard - Vegetable,"BRRI Dhan 49, BARI Shorisa 14, Hybrid ladies finger",100%,300%,
262,9,4023030109,Batiaghata,30,Batiaghata Khal WMA,Batiaghata,Batiaghata,Khulna,,0,,0,0,0,,,,,,
263,10,4023030110,Boyarbhanga Madhya,30,Batiaghata Khal WMA,Gangarampur,Batiaghata,Khulna,,0,,0,0,0,,,,,,
264,11,4023030111,Boyarbhanga Paschim,30,Batiaghata Khal WMA,Gangarampur,Batiaghata,Khulna,,0,,0,0,0,,,,,,
265,12,4023030112,Boyarbhanga Purba,30,Batiaghata Khal WMA,Gangarampur,Batiaghata,Khulna,,0,,0,0,0,,,,,,
266,13,4023030113,Britti Khalsebunia,30,Batiaghata Khal WMA,Gangarampur,Batiaghata,Khulna,,0,,0,0,0,,,,,,
267,14,4023030114,Britti Salua,30,Batiaghata Khal WMA,Gangarampur,Batiaghata,Khulna,,0,,0,0,0,,,,,,
268,15,4023030115,Chak Solemari,30,Batiaghata Khal WMA,Batiaghata,Batiaghata,Khulna,,0,,0,0,0,,,,,,
269,16,4023030116,Charkhali Machalia,30,Batiaghata Khal WMA,Gangarampur,Batiaghata,Khulna,,0,,0,0,0,,,,,,
270,17,4023030117,Debitala,30,Batiaghata Khal WMA,Gangarampur,Batiaghata,Khulna,,0,,0,0,0,,,,,,
271,18,4023030118,Deoatala,30,Batiaghata Khal WMA,Gangarampur,Batiaghata,Khulna,,0,,0,0,0,,,,,,
272,19,4023030119,Gangarampur,30,Batiaghata Khal WMA,Gangarampur,Batiaghata,Khulna,,0,,0,0,0,,,,,,
273,20,4023030120,Hatbati Dakshin,30,Batiaghata Khal WMA,Batiaghata,Batiaghata,Khulna,,0,,0,0,0,,,,,,
274,21,4023030121,Hatbati Uttar,30,Batiaghata Khal WMA,Batiaghata,Batiaghata,Khulna,,0,,0,0,0,,,,,,
275,22,4023030122,Hetalbunia,30,Batiaghata Khal WMA,Batiaghata,Batiaghata,Khulna,,0,,0,0,0,,,,,,
276,23,4023030123,Hogolbunia Dakshin,30,Batiaghata Khal WMA,Batiaghata,Batiaghata,Khulna,,0,,0,0,0,,,,,,
277,24,4023030124,Hogolbunia Uttar & Madhya,30,Batiaghata Khal WMA,Batiaghata,Batiaghata,Khulna,,0,,0,0,0,,,,,,
278,25,4023030125,Kaemkhola,30,Batiaghata Khal WMA,Gangarampur,Batiaghata,Khulna,,0,,0,0,0,,,,,,
279,26,4023030126,Kaemkhola Hula,30,Batiaghata Khal WMA,Gangarampur,Batiaghata,Khulna,,0,,0,0,0,,,,,,
280,27,4023030127,Kanthaltala Gondhamari,30,Batiaghata Khal WMA,Gangarampur,Batiaghata,Khulna,,0,,0,0,0,,,,,,
281,28,4023030128,Kasiradanga,30,Batiaghata Khal WMA,Gangarampur,Batiaghata,Khulna,,0,,0,0,0,,,,,,
282,29,4023030129,Katamari Gopalkhali,30,Batiaghata Khal WMA,Gangarampur,Batiaghata,Khulna,,0,,0,0,0,,,,,,
283,30,4023030130,Katianagla,30,Batiaghata Khal WMA,Gangarampur,Batiaghata,Khulna,,0,,0,0,0,,,,,,
284,31,4023030131,Khalsibunia,30,Batiaghata Khal WMA,Batiaghata,Batiaghata,Khulna,,0,,0,0,0,,,,,,
285,32,4023030132,Kismat Phultala,30,Batiaghata Khal WMA,Batiaghata,Batiaghata,Khulna,,0,,0,0,0,,,,,,
286,33,4023030133,Mailmara,30,Batiaghata Khal WMA,Batiaghata,Batiaghata,Khulna,,0,,0,0,0,,,,,,
287,34,4023030134,Maitbhanga-Bhennabunia,30,Batiaghata Khal WMA,Batiaghata,Batiaghata,Khulna,1,4.5,2017-2018,7,0,7,"T Aman -Fallow - Fallow
T Aman - Fallow - Vegetable",T Aman - Mustard - Vegetable,"BRRI Dhan 49, BARI Shorisa 14, Hybrid ladies finger",150%,300%,
288,35,4023030135,Masiar Danga,30,Batiaghata Khal WMA,Gangarampur,Batiaghata,Khulna,,0,,0,0,0,,,,,,
289,36,4023030136,Par Batiaghata-Baruirabad,30,Batiaghata Khal WMA,Batiaghata,Batiaghata,Khulna,,0,,0,0,0,,,,,,
290,37,4023030137,Par Salua,30,Batiaghata Khal WMA,Gangarampur,Batiaghata,Khulna,,0,,0,0,0,,,,,,
291,38,4023030138,Phultala,30,Batiaghata Khal WMA,Batiaghata,Batiaghata,Khulna,,0,,0,0,0,,,,,,
292,39,4023030139,Sukhdara (Purba),30,Batiaghata Khal WMA,Surkhali,Batiaghata,Khulna,,0,,0,0,0,,,,,,
293,40,4023030140,Titukhali -Partitukhali,30,Batiaghata Khal WMA,Gangarampur,Batiaghata,Khulna,,0,,0,0,0,,,,,,
294,1,40231P31P101,Bunarabad Madhya para,31 Part,Nondonkhali Sluice WMA,Surkhali,Batiaghata,Khulna,,0,,0,0,0,,,,,,
295,2,40231P31P102,Bunarabad-Goriardanga,31 Part,Nondonkhali Sluice WMA,Surkhali,Batiaghata,Khulna,,0,,0,0,0,,,,,,
296,3,40231P31P103,Char Danga,31 Part,Nondonkhali Sluice WMA,Surkhali,Batiaghata,Khulna,,0,,0,0,0,,,,,,
297,4,40231P31P104,Gawghara Madhya para,31 Part,Nondonkhali Sluice WMA,Surkhali,Batiaghata,Khulna,,0,,0,0,0,,,,,,
298,5,40231P31P105,Geramari Khal,31 Part,Nondonkhali Sluice WMA,Surkhali,Batiaghata,Khulna,,0,,0,0,0,,,,,,
299,6,40231P31P106,Ghater Khal,31 Part,Nondonkhali Sluice WMA,Surkhali,Batiaghata,Khulna,,0,,0,0,0,,,,,,
300,7,40231P31P107,Kechorabad Khal,31 Part,Nondonkhali Sluice WMA,Surkhali,Batiaghata,Khulna,,0,,0,0,0,,,,,,
301,8,40231P31P108,Nondonkhali,31 Part,Nondonkhali Sluice WMA,Surkhali,Batiaghata,Khulna,,0,,0,0,0,,,,,,
302,9,40231P31P109,Ralia,31 Part,Nondonkhali Sluice WMA,Surkhali,Batiaghata,Khulna,,0,,0,0,0,,,,,,
303,10,40231P31P110,Razakhar Beel,31 Part,Nondonkhali Sluice WMA,Surkhali,Batiaghata,Khulna,1,1,2017-2018,2,0,2,T Aman -Fallow - Boro,T Aman - Mustard - vegetable,"BRRI Dhan 49, BARI Shorisa 14, Hybrid ladies finger",200%,300%,
304,11,40231P31P111,Sanpa-Bara Bhuiya,31 Part,Nondonkhali Sluice WMA,Surkhali,Batiaghata,Khulna,,0,,0,0,0,,,,,,
305,12,40231P31P112,Thandamari Khal,31 Part,Nondonkhali Sluice WMA,Surkhali,Batiaghata,Khulna,,0,,0,0,0,,,,,,
306,1,40234_2P34_2P101,Bhandarcote,34/2 Part,Polder 34/2 Part WMA,Bhandarkote,Batiaghata,Khulna,1,5.75,2018-2019,16,0,16,T Aman -Fallow - Boro,T Aman -Mustard-Boro,"BRRI Dhan 49, BARI Shorisa 14, Hybrid rice",200%,250%,"Due to waterlogging, some areas Mustard seeds can not be cultivated."
307,2,40234_2P34_2P102,Birat,34/2 Part,Polder 34/2 Part WMA,Baliadanga,Batiaghata,Khulna,,0,,0,0,0,,,,,,
308,3,40234_2P34_2P103,BKS,34/2 Part,Polder 34/2 Part WMA,Baliadanga,Batiaghata,Khulna,,0,,0,0,0,,,,,,
309,4,40234_2P34_2P104,Bujbunia,34/2 Part,Polder 34/2 Part WMA,Baliadanga,Batiaghata,Khulna,,0,,0,0,0,,,,,,
310,5,40234_2P34_2P105,Dhadua,34/2 Part,Polder 34/2 Part WMA,Baliadanga,Batiaghata,Khulna,1,3.6,2018-2019,7,0,7,T Aman -Fallow - Boro,T Aman - Mustard - Boro,"BRRI Dhan 49, BARI Shorisa 14, Hybrid rice",200%,300%,
311,6,40234_2P34_2P106,Fulbari,34/2 Part,Polder 34/2 Part WMA,Baliadanga,Batiaghata,Khulna,,0,,0,0,0,,,,,,
312,7,40234_2P34_2P107,Jhalbari,34/2 Part,Polder 34/2 Part WMA,Baliadanga,Batiaghata,Khulna,,0,,0,0,0,,,,,,
313,8,40234_2P34_2P108,Kajibachha,34/2 Part,Polder 34/2 Part WMA,Baliadanga,Batiaghata,Khulna,,0,,0,0,0,,,,,,
314,9,40234_2P34_2P109,Kharabad,34/2 Part,Polder 34/2 Part WMA,Amirpur,Batiaghata,Khulna,,0,,0,0,0,,,,,,
315,10,40234_2P34_2P110,Khatakhali Khal,34/2 Part,Polder 34/2 Part WMA,Bhandarkote,Batiaghata,Khulna,,0,,0,0,0,,,,,,
316,11,40234_2P34_2P111,Korerdhon,34/2 Part,Polder 34/2 Part WMA,Amirpur,Batiaghata,Khulna,,0,,0,0,0,,,,,,
317,12,40234_2P34_2P112,Laxmikhola,34/2 Part,Polder 34/2 Part WMA,Bhandarkote,Batiaghata,Khulna,,0,,0,0,0,,,,,,
318,13,40234_2P34_2P113,Nangladah Khal,34/2 Part,Polder 34/2 Part WMA,Amirpur,Batiaghata,Khulna,,0,,0,0,0,,,,,,
319,14,40234_2P34_2P114,Noailtola -Baro Hajirabad,34/2 Part,Polder 34/2 Part WMA,Bhandarkote,Batiaghata,Khulna,,0,,0,0,0,,,,,,
320,15,40234_2P34_2P115,Paschim Halia,34/2 Part,Polder 34/2 Part WMA,Bhandarkote,Batiaghata,Khulna,,0,,0,0,0,,,,,,
321,16,40234_2P34_2P116,Purba Halia,34/2 Part,Polder 34/2 Part WMA,Bhandarkote,Batiaghata,Khulna,,0,,0,0,0,,,,,,
322,17,40234_2P34_2P117,Ranjiterhula,34/2 Part,Polder 34/2 Part WMA,Baliadanga,Batiaghata,Khulna,1,4.93,2018-2019,8,0,8,T Aman -Fallow - Boro,T Aman - Mustard - Boro,"BRRI Dhan 49, BARI Shorisa 14, Hybrid rice",,250%,"Due to waterlogging, some areas Mustard seeds can not be cultivated."
323,18,40234_2P34_2P118,RKNK,34/2 Part,Polder 34/2 Part WMA,Amirpur,Batiaghata,Khulna,,0,,0,0,0,,,,,,
324,19,40234_2P34_2P119,Sheyalidangha Chandamari,34/2 Part,Polder 34/2 Part WMA,Bhandarkote,Batiaghata,Khulna,,0,,0,0,0,,,,,,
325,20,40234_2P34_2P120,THN,34/2 Part,Polder 34/2 Part WMA,Baliadanga,Batiaghata,Khulna,,0,,0,0,0,,,,,,
326,1,10143_1A43_1A101,Chowla,43/1A,Amtala-Chowla Sluice WMA,Atharogasia,Amtali,Barguna,,0,,0,0,0,,,,,,
327,2,10143_1A43_1A108,Dakshin Atharagashia,43/1A,Amtala-Chowla Sluice WMA,Atharogasia,Amtali,Barguna,,0,,0,0,0,,,,,,
328,3,10143_1A43_1A104,Dakshin Sonakhali,43/1A,Amtala-Chowla Sluice WMA,Atharogasia,Amtali,Barguna,,0,,0,0,0,,,,,,
329,4,10143_1A43_1A106,Khagdon,43/1A,Amtala-Chowla Sluice WMA,Kukua,Amtali,Barguna,1,1,2017-18,1,0,1, T-amon (Local)-Cowpea-Fallow, T-amon -Mustard-Mungbean,"BRRIdhan 52, BARI Sarisha 14, Mungbean",200%,300%,
330,5,10143_1A43_1A107,Paschim Atharagashia,43/1A,Amtala-Chowla Sluice WMA,Atharogasia,Amtali,Barguna,1,1,2017-18,2,0,2, T-amon (Local)-Mungbean-Fallow, T-amon -Mustard-Mungbean,,,,
331,6,10143_1A43_1A201,Paschim Keowabunia,43/1A,Kewabunia-Mahiskata-Golbunia Sluice WMA,Kukua,Amtali,Barguna,,0,,0,0,0,,,,,,
332,7,10143_1A43_1A204,Paschim Sakharia,43/1A,Kewabunia-Mahiskata-Golbunia Sluice WMA,Atharogasia,Amtali,Barguna,,0,,0,0,0,,,,,,
333,8,10143_1A43_1A105,Paschim Sonakhali,43/1A,Amtala-Chowla Sluice WMA,Atharogasia,Amtali,Barguna,,0,,0,0,0,,,,,,
334,9,10143_1A43_1A202,Purba Chunakhali,43/1A,Kewabunia-Mahiskata-Golbunia Sluice WMA,Kukua,Amtali,Barguna,,0,,0,0,0,,,,,,
335,10,10143_1A43_1A205,Purba Keowabunia,43/1A,Kewabunia-Mahiskata-Golbunia Sluice WMA,Kukua,Amtali,Barguna,,0,,0,0,0,,,,,,
336,11,10143_1A43_1A203,Purba Sakharia,43/1A,Kewabunia-Mahiskata-Golbunia Sluice WMA,Atharogasia,Amtali,Barguna,1,1,2017-18,1,0,1, T-amon (Local)-Mungbean-Fallow, T-amon -Mustard-Mungbean,"BRRIdhan 52, BARI Sarisha 14",200%,300%,
337,12,10143_1A43_1A206,Roybala,43/1A,Kewabunia-Mahiskata-Golbunia Sluice WMA,Kukua,Amtali,Barguna,,0,,0,0,0,,,,,,
338,13,10143_1A43_1A102,Uttar Atharagashia,43/1A,Amtala-Chowla Sluice WMA,Atharogasia,Amtali,Barguna,,0,,0,0,0,,,,,,
339,14,10143_1A43_1A103,Uttar Sonakhali,43/1A,Amtala-Chowla Sluice WMA,Atharogasia,Amtali,Barguna,,0,,0,0,0,,,,,,
340,1,10243_2A43_2A101,Bhajna,43/2A,Kazirhat Sluice WMA,Chotobighai,Patuakhali Sadar,Patuakhali,,0,,0,0,0,,,,,,
341,2,10243_2A43_2A201,Dakshin Bighai Dakshin,43/2A,Khatasia-Titkata Sluice WMA,Borobighai,Patuakhali Sadar,Patuakhali,,0,,0,0,0,,,,,,
342,3,10243_2A43_2A202,Dakshin Bighai Uttar,43/2A,Khatasia-Titkata Sluice WMA,Borobighai,Patuakhali Sadar,Patuakhali,,0,,0,0,0,,,,,,
343,4,10243_2A43_2A203,Dakshin Titkata,43/2A,Khatasia-Titkata Sluice WMA,Borobighai,Patuakhali Sadar,Patuakhali,,0,,0,0,0,,,,,,
344,5,10243_2A43_2A102,Haritakibaria,43/2A,Kazirhat Sluice WMA,Chotobighai,Patuakhali Sadar,Patuakhali,1,4,2017-18,8,0,8, T-amon (Local)-Mungbean-Fallow, T-amon -Mustard-Mungbean,"BRRI dhan 52, BARI Sarisha 14",200%,300%,
345,6,10243_2A43_2A103,Kumarkhali,43/2A,Kazirhat Sluice WMA,Chotobighai,Patuakhali Sadar,Patuakhali,1,2,2017-18,4,0,4, T-amon (Local)-Mungbean-Fallow, T-amon -Mustard-Mungbean,"BRRI dhan 52, BARI Sarisha 14",200%,300%,
346,7,10243_2A43_2A104,Madhya Matibhanga,43/2A,Kazirhat Sluice WMA,Chotobighai,Patuakhali Sadar,Patuakhali,,0,,0,0,0,,,,,,
347,8,10243_2A43_2A105,Matibhanga-Chhota Bighai,43/2A,Kazirhat Sluice WMA,Chotobighai,Patuakhali Sadar,Patuakhali,,0,,0,0,0,,,,,,
348,9,10243_2A43_2A111,Nandipara-Madarbunia,43/2A,Kazirhat Sluice WMA,Madarbunia,Patuakhali Sadar,Patuakhali,,0,,0,0,0,,,,,,
349,10,10243_2A43_2A204,Pasaribunia,43/2A,Khatasia-Titkata Sluice WMA,Borobighai,Patuakhali Sadar,Patuakhali,,0,,0,0,0,,,,,,
350,11,10243_2A43_2A205,Paschim Bara Bighai,43/2A,Khatasia-Titkata Sluice WMA,Borobighai,Patuakhali Sadar,Patuakhali,,0,,0,0,0,,,,,,
351,12,10243_2A43_2A106,Paschim Chhota Bighai,43/2A,Kazirhat Sluice WMA,Chotobighai,Patuakhali Sadar,Patuakhali,,0,,0,0,0,,,,,,
352,13,10243_2A43_2A206,Paschim Kewabunia,43/2A,Khatasia-Titkata Sluice WMA,Borobighai,Patuakhali Sadar,Patuakhali,,0,,0,0,0,,,,,,
353,14,10243_2A43_2A107,Paschim Matibhanga,43/2A,Kazirhat Sluice WMA,Chotobighai,Patuakhali Sadar,Patuakhali,,0,,0,0,0,,,,,,
354,15,10243_2A43_2A207,Paschim Titkata,43/2A,Khatasia-Titkata Sluice WMA,Borobighai,Patuakhali Sadar,Patuakhali,,0,,0,0,0,,,,,,
355,16,10243_2A43_2A208,Patukhali,43/2A,Khatasia-Titkata Sluice WMA,Borobighai,Patuakhali Sadar,Patuakhali,,0,,0,0,0,,,,,,
356,17,10243_2A43_2A210,Purba Bara Bighai,43/2A,Khatasia-Titkata Sluice WMA,Borobighai,Patuakhali Sadar,Patuakhali,,0,,0,0,0,,,,,,
357,18,10243_2A43_2A109,Purba Chhota Bighai,43/2A,Kazirhat Sluice WMA,Chotobighai,Patuakhali Sadar,Patuakhali,,0,,0,0,0,,,,,,
358,19,10243_2A43_2A209,Purba Kewabunia,43/2A,Khatasia-Titkata Sluice WMA,Borobighai,Patuakhali Sadar,Patuakhali,,0,,0,0,0,,,,,,
359,20,10243_2A43_2A108,Purba Matibhanga,43/2A,Kazirhat Sluice WMA,Chotobighai,Patuakhali Sadar,Patuakhali,,0,,0,0,0,,,,,,
360,21,10243_2A43_2A211,Purba Titkata,43/2A,Khatasia-Titkata Sluice WMA,Borobighai,Patuakhali Sadar,Patuakhali,,0,,0,0,0,,,,,,
361,22,10243_2A43_2A110,Tushkhali,43/2A,Kazirhat Sluice WMA,Chotobighai,Patuakhali Sadar,Patuakhali,1,3,2017-18,2,0,2, T-amon (Local)-Mungbean-Fallow, T-amon -Mustard-Mungbean,"BRRIdhan 52, BARI Sarisha 14",200%,300%,
362,1,10243_2B43_2B201,Algi-Chhailtabunia,43/2B,Bauria Sluice WMA,Atharogasia,Amtali,Barguna,,0,,0,0,0,,,,,,
363,2,10243_2B43_2B103,Algi-Tafalbaria,43/2B,Amkhola-Moshurikati Sluice WMA,Amkhola,Galachipa,Patuakhali,,0,,0,0,0,,,,,,
364,3,10243_2B43_2B101,Alor Dishari,43/2B,Amkhola-Moshurikati Sluice WMA,Amkhola,Galachipa,Patuakhali,,0,,0,0,0,,,,,,
365,4,10243_2B43_2B305,Balaikati,43/2B,Masuakhali-badura-nashaisheel Sluice WMA,Auliapur,Patuakhali Sadar,Patuakhali,,0,,0,0,0,,,,,,
366,5,10243_2B43_2B110,Bhangra,43/2B,Amkhola-Moshurikati Sluice WMA,Amkhola,Galachipa,Patuakhali,,0,,0,0,0,,,,,,
367,6,10243_2B43_2B104,Chingaria-Dakshin Balaikati,43/2B,Amkhola-Moshurikati Sluice WMA,Amkhola,Galachipa,Patuakhali,,0,,0,0,0,,,,,,
368,7,10243_2B43_2B108,Dakshin Amkhola,43/2B,Amkhola-Moshurikati Sluice WMA,Amkhola,Galachipa,Patuakhali,,0,,0,0,0,,,,,,
369,8,10243_2B43_2B303,Dakshin-Paschim Badura,43/2B,Masuakhali-badura-nashaisheel Sluice WMA,Auliapur,Patuakhali Sadar,Patuakhali,1,1,2017-18,2,0,2, T-amon (Local)-Mungbean-Fallow, T-amon -Mustard-Mungbean,"BRRIdhan 52, BARI Sarisha 14, ",200%,300%,
370,9,10243_2B43_2B307,Dakshin-Purba Badura,43/2B,Masuakhali-badura-nashaisheel Sluice WMA,Auliapur,Patuakhali Sadar,Patuakhali,,0,,0,0,0,,,,,,
371,10,10243_2B43_2B310,Dakshin-Purba Gol Banshbunia,43/2B,Masuakhali-badura-nashaisheel Sluice WMA,Amkhola,Galachipa,Patuakhali,,0,,0,0,0,,,,,,
372,11,10243_2B43_2B106,Dari Baherchar,43/2B,Amkhola-Moshurikati Sluice WMA,Amkhola,Galachipa,Patuakhali,,0,,0,0,0,,,,,,
373,12,10243_2B43_2B205,Garabunia,43/2B,Bauria Sluice WMA,Atharogasia,Amtali,Barguna,,0,,0,0,0,,,,,,
374,13,10243_2B43_2B202,Gol Bauria,43/2B,Bauria Sluice WMA,Amkhola,Galachipa,Patuakhali,,0,,0,0,0,,,,,,
375,14,10243_2B43_2B311,Kalai Kishore,43/2B,Masuakhali-badura-nashaisheel Sluice WMA,Amkhola,Galachipa,Patuakhali,,0,,0,0,0,,,,,,
376,15,10243_2B43_2B203,Kanchanbaria-Khantakhali,43/2B,Bauria Sluice WMA,Amkhola,Galachipa,Patuakhali,,0,,0,0,0,,,,,,
377,16,10243_2B43_2B107,Madhya Amkhola,43/2B,Amkhola-Moshurikati Sluice WMA,Amkhola,Galachipa,Patuakhali,1,1,2017-18,1,0,1, T-amon (Local)-Mungbean-Fallow, T-amon -Mustard-Mungbean,"BRRIdhan 52, BARI Sarisha 14, ",200%,300%,
378,17,10243_2B43_2B309,Madhya Chhailabunia,43/2B,Masuakhali-badura-nashaisheel Sluice WMA,Amkhola,Galachipa,Patuakhali,,0,,0,0,0,,,,,,
379,18,10243_2B43_2B111,Mushurikathi,43/2B,Amkhola-Moshurikati Sluice WMA,Amkhola,Galachipa,Patuakhali,1,1,2017-18,2,0,2, T-amon (Local)-Cowpea-Fallow, T-amon -Mustard-Mungbean,"BRRIdhan 52, BARI Sarisha 14, Mungbean",200%,300%,
380,19,10243_2B43_2B302,Nijsuhari-Dakshin Chhailabunia,43/2B,Masuakhali-badura-nashaisheel Sluice WMA,Amkhola,Galachipa,Patuakhali,,0,,0,0,0,,,,,,
381,20,10243_2B43_2B306,Purba Badura,43/2B,Masuakhali-badura-nashaisheel Sluice WMA,Auliapur,Patuakhali Sadar,Patuakhali,,0,,0,0,0,,,,,,
382,21,10243_2B43_2B204,Purba Sonakhali,43/2B,Bauria Sluice WMA,Atharogasia,Amtali,Barguna,,0,,0,0,0,,,,,,
383,22,10243_2B43_2B206,Ramanada,43/2B,Bauria Sluice WMA,Amkhola,Galachipa,Patuakhali,,0,,0,0,0,,,,,,
384,23,10243_2B43_2B105,Ramdula,43/2B,Amkhola-Moshurikati Sluice WMA,Amkhola,Galachipa,Patuakhali,,0,,0,0,0,,,,,,
385,24,10243_2B43_2B102,Suhari Mini Polder,43/2B,Amkhola-Moshurikati Sluice WMA,Golkhali,Galachipa,Patuakhali,,0,,0,0,0,,,,,,
386,25,10243_2B43_2B109,Uttar Amkhola,43/2B,Amkhola-Moshurikati Sluice WMA,Amkhola,Galachipa,Patuakhali,,0,,0,0,0,,,,,,
387,26,10243_2B43_2B304,Uttar Badura,43/2B,Masuakhali-badura-nashaisheel Sluice WMA,Auliapur,Patuakhali Sadar,Patuakhali,,0,,0,0,0,,,,,,
388,27,10243_2B43_2B301,Uttar Chhailabunia,43/2B,Masuakhali-badura-nashaisheel Sluice WMA,Amkhola,Galachipa,Patuakhali,,0,,0,0,0,,,,,,
389,28,10243_2B43_2B308,Uttar-Paschim Gol Banshbunia,43/2B,Masuakhali-badura-nashaisheel Sluice WMA,Amkhola,Galachipa,Patuakhali,,0,,0,0,0,,,,,,
390,1,10243_2D43_2D201,Abad Hajikhali,43/2D,Kanaidanga Batgachia sluice WMA,Madarbunia,Patuakhali Sadar,Patuakhali,,0,,0,0,0,,,,,,
391,2,10243_2D43_2D105,Ballabhpur,43/2D,Hethalia-Charabunia Sluice WMA,Kalikapur,Patuakhali Sadar,Patuakhali,,0,,0,0,0,,,,,,
392,3,10243_2D43_2D503,Bara Auliapur Purba,43/2D,Taktakhali Sluice WMA,Auliapur,Patuakhali Sadar,Patuakhali,,0,,0,0,0,,,,,,
393,4,10243_2D43_2D301,Bara Auliapur Uttar,43/2D,Katakhali-Koiya Sluice WMA,Auliapur,Patuakhali Sadar,Patuakhali,,0,,0,0,0,,,,,,
394,5,10243_2D43_2D401,Barunbaria,43/2D,Morichbunia Sluice WMA,Marichbunia,Patuakhali Sadar,Patuakhali,,0,,0,0,0,,,,,,
395,6,10243_2D43_2D302,Chamta,43/2D,Katakhali-Koiya Sluice WMA,Jainkathi,Patuakhali Sadar,Patuakhali,,0,,0,0,0,,,,,,
396,7,10243_2D43_2D101,Charabunia,43/2D,Hethalia-Charabunia Sluice WMA,Madarbunia,Patuakhali Sadar,Patuakhali,,0,,0,0,0,,,,,,
397,8,10243_2D43_2D502,Chhota Auliapur Dakshin,43/2D,Taktakhali Sluice WMA,Auliapur,Patuakhali Sadar,Patuakhali,,0,,0,0,0,,,,,,
398,9,10243_2D43_2D504,Chhoto Auliapur Uttar,43/2D,Taktakhali Sluice WMA,Auliapur,Patuakhali Sadar,Patuakhali,1,4,2017-18,12,0,12, T-amon (Local)-Mungbean-Fallow, T-amon -Mustard-Mungbean,"BRRI dhan 52, BARI Sarisha 14, ",200%,300%,
399,10,10243_2D43_2D407,Dakshin Bazarghona,43/2D,Morichbunia Sluice WMA,Marichbunia,Patuakhali Sadar,Patuakhali,1,5,2017-18,14,0,14, T-amon (Local)-Mungbean-Fallow, T-amon -Mustard-Mungbean,"BRRI dhan 52, BARI Sarisha 14, ",200%,300%,
400,11,10243_2D43_2D202,Dakshin Hajikhali,43/2D,Kanaidanga Batgachia sluice WMA,Madarbunia,Patuakhali Sadar,Patuakhali,,0,,0,0,0,,,,,,
401,12,10243_2D43_2D403,Dakshin Marichbunia,43/2D,Morichbunia Sluice WMA,Marichbunia,Patuakhali Sadar,Patuakhali,,0,,0,0,0,,,,,,
402,13,10243_2D43_2D104,Dibuapur,43/2D,Hethalia-Charabunia Sluice WMA,Kalikapur,Patuakhali Sadar,Patuakhali,,0,,0,0,0,,,,,,
403,14,10243_2D43_2D303,Keshabpur,43/2D,Katakhali-Koiya Sluice WMA,Jainkathi,Patuakhali Sadar,Patuakhali,,0,,0,0,0,,,,,,
404,15,10243_2D43_2D205,Pakshia,43/2D,Kanaidanga Batgachia sluice WMA,Madarbunia,Patuakhali Sadar,Patuakhali,,0,,0,0,0,,,,,,
405,16,10243_2D43_2D505,Paschim Pancha Koralia,43/2D,Taktakhali Sluice WMA,Auliapur,Patuakhali Sadar,Patuakhali,,0,,0,0,0,,,,,,
406,17,10243_2D43_2D106,Paschim Sarikkhali,43/2D,Hethalia-Charabunia Sluice WMA,Kalikapur,Patuakhali Sadar,Patuakhali,,0,,0,0,0,,,,,,
407,18,10243_2D43_2D406,Patukhali,43/2D,Morichbunia Sluice WMA,Marichbunia,Patuakhali Sadar,Patuakhali,1,4,2017-18,13,0,13, T-amon (Local)-Mungbean-Fallow, T-amon -Mustard-Mungbean,"BRRI dhan 52, BARI Sarisha 14, ",200%,300%,
408,19,10243_2D43_2D305,Purba Auliapur,43/2D,Katakhali-Koiya Sluice WMA,Auliapur,Patuakhali Sadar,Patuakhali,1,5,2017-18,4,0,4, T-amon (Local)-Mungbean-Fallow, T-amon -Mustard-Mungbean,"BRRI dhan 52, BARI Sarisha 14, ",200%,300%,
409,20,10243_2D43_2D203,Purba Gerakhali,43/2D,Kanaidanga Batgachia sluice WMA,Madarbunia,Patuakhali Sadar,Patuakhali,,0,,0,0,0,,,,,,
410,21,10243_2D43_2D204,Purba Gerakhali Uttar,43/2D,Kanaidanga Batgachia sluice WMA,Madarbunia,Patuakhali Sadar,Patuakhali,,0,,0,0,0,,,,,,
411,22,10243_2D43_2D405,Purba Marichbunia,43/2D,Morichbunia Sluice WMA,Marichbunia,Patuakhali Sadar,Patuakhali,,0,,0,0,0,,,,,,
412,23,10243_2D43_2D501,Purba Pancha Koralia,43/2D,Taktakhali Sluice WMA,Auliapur,Patuakhali Sadar,Patuakhali,,0,,0,0,0,,,,,,
413,24,10243_2D43_2D102,Sankarpur,43/2D,Hethalia-Charabunia Sluice WMA,Madarbunia,Patuakhali Sadar,Patuakhali,,0,,0,0,0,,,,,,
414,25,10243_2D43_2D402,Tafalbaria,43/2D,Morichbunia Sluice WMA,Marichbunia,Patuakhali Sadar,Patuakhali,,0,,0,0,0,,,,,,
415,26,10243_2D43_2D304,Thangai,43/2D,Katakhali-Koiya Sluice WMA,Jainkathi,Patuakhali Sadar,Patuakhali,,0,,0,0,0,,,,,,
416,27,10243_2D43_2D103,Uttar Bahalgachia,43/2D,Hethalia-Charabunia Sluice WMA,Kalikapur,Patuakhali Sadar,Patuakhali,,0,,0,0,0,,,,,,
417,28,10243_2D43_2D404,Uttar Bazarghona,43/2D,Morichbunia Sluice WMA,Marichbunia,Patuakhali Sadar,Patuakhali,,0,,0,0,0,,,,,,
418,1,10243_2E43_2E103,Char Jainkati Paschim,43/2E,Katakhali Sluice WMA,Jainkathi,Patuakhali Sadar,Patuakhali,,0,,0,0,0,,,,,,
419,2,10243_2E43_2E102,Char Jainkati Purba,43/2E,Katakhali Sluice WMA,Jainkathi,Patuakhali Sadar,Patuakhali,,0,,0,0,0,,,,,,
420,3,10243_2E43_2E203,Dakshin Sehakati Dakshin,43/2E,Moubaria Sluice WMA,Jainkathi,Patuakhali Sadar,Patuakhali,1,5,2017-18,6,0,6, T-amon (Local)-Mungbean-Fallow, T-amon -Mustard-Mungbean,"BRRI dhan 52, BARI Sarisha 14, ",200%,300%,
421,4,10243_2E43_2E202,Dakshin Sehakati Uttar,43/2E,Moubaria Sluice WMA,Jainkathi,Patuakhali Sadar,Patuakhali,,0,,0,0,0,,,,,,
422,5,10243_2E43_2E204,Fedainagar,43/2E,Moubaria Sluice WMA,Jainkathi,Patuakhali Sadar,Patuakhali,,0,,0,0,0,,,,,,
423,6,10243_2E43_2E205,Katura Taluk,43/2E,Moubaria Sluice WMA,Jainkathi,Patuakhali Sadar,Patuakhali,1,5,2017-18,10,0,10, T-amon (Local)-Mungbean-Fallow, T-amon -Mustard-Mungbean,"BRRI dhan 52, BARI Sarisha 14, ",200%,300%,
424,7,10243_2E43_2E105,Pirtola,43/2E,Katakhali Sluice WMA,Jainkathi,Patuakhali Sadar,Patuakhali,,0,,0,0,0,,,,,,
425,8,10243_2E43_2E206,Purba Jainkati Madhya,43/2E,Moubaria Sluice WMA,Jainkathi,Patuakhali Sadar,Patuakhali,,0,,0,0,0,,,,,,
426,9,10243_2E43_2E104,Purba Jainkati Paschim,43/2E,Katakhali Sluice WMA,Jainkathi,Patuakhali Sadar,Patuakhali,,0,,0,0,0,,,,,,
427,10,10243_2E43_2E101,Purba Jainkati Purba,43/2E,Katakhali Sluice WMA,Jainkathi,Patuakhali Sadar,Patuakhali,,0,,0,0,0,,,,,,
428,11,10243_2E43_2E106,Talbaria,43/2E,Katakhali Sluice WMA,Jainkathi,Patuakhali Sadar,Patuakhali,,0,,0,0,0,,,,,,
429,12,10243_2E43_2E201,Uttar  Sehakati,43/2E,Moubaria Sluice WMA,Jainkathi,Patuakhali Sadar,Patuakhali,,0,,0,0,0,,,,,,
430,1,10143_2F43_2F109,Bainbuna,43/2F,Gojkhali Sluice WMA,Gulishakhali,Amtali,Barguna,1,1,2017-18,1,0,1, T-amon (Local)-Mungbean-Fallow, T-amon -Mustard-Mungbean,"BRRI dhan 52, BARI Sarisha 14, ",200%,300%,
431,2,10143_2F43_2F204,Bazarkhali,43/2F,Gulishakhali Sluice WMA,Gulishakhali,Amtali,Barguna,,0,,0,0,0,,,,,,
432,3,10143_2F43_2F207,Dakshin Angulkata,43/2F,Gulishakhali Sluice WMA,Gulishakhali,Amtali,Barguna,,0,,0,0,0,,,,,,
433,4,10143_2F43_2F209,Dakshin Dalachara,43/2F,Gulishakhali Sluice WMA,Gulishakhali,Amtali,Barguna,1,1,2017-18,2,0,2, T-amon (Local)-Mungbean-Fallow, T-amon -Mustard-Mungbean,"BRRI dhan 52, BARI Sarisha 14, ",200%,300%,
434,5,10143_2F43_2F107,Dakshin Gojkhali,43/2F,Gojkhali Sluice WMA,Gulishakhali,Amtali,Barguna,,0,,0,0,0,,,,,,
435,6,10143_2F43_2F210,Dakshin Gulisakhali,43/2F,Gulishakhali Sluice WMA,Gulishakhali,Amtali,Barguna,1,1,2017-18,1,0,1, T-amon (Local)-Mungbean-Fallow, T-amon -Mustard-Mungbean,"BRRI dhan 52, BARI Sarisha 14, ",200%,300%,
436,7,10143_2F43_2F303,Dakshin Haridrabaria,43/2F,Horidrabaria-Sholohawladar Sluice WMA,Gulishakhali,Amtali,Barguna,,0,,0,0,0,,,,,,
437,8,10143_2F43_2F206,Dakshin Khekuani,43/2F,Gulishakhali Sluice WMA,Gulishakhali,Amtali,Barguna,,0,,0,0,0,,,,,,
438,9,10143_2F43_2F105,Dakshin-Paschim Kalibari,43/2F,Gojkhali Sluice WMA,Gulishakhali,Amtali,Barguna,1,1,2017-18,1,0,1, T-amon (Local)-Mungbean-Fallow, T-amon -Mustard-Mungbean,"BRRI dhan 52, BARI Sarisha 14, ",200%,300%,
439,10,10143_2F43_2F101,Dakshin-Purba Kalbari,43/2F,Gojkhali Sluice WMA,Gulishakhali,Amtali,Barguna,,0,,0,0,0,,,,,,
440,11,10143_2F43_2F108,Deppur,43/2F,Gojkhali Sluice WMA,Gulishakhali,Amtali,Barguna,,0,,0,0,0,,,,,,
441,12,10143_2F43_2F106,Fakirkhali-Gojkhali,43/2F,Gojkhali Sluice WMA,Gulishakhali,Amtali,Barguna,,0,,0,0,0,,,,,,
442,13,10143_2F43_2F203,Madhya Dalachara,43/2F,Gulishakhali Sluice WMA,Gulishakhali,Amtali,Barguna,,0,,0,0,0,,,,,,
443,14,10143_2F43_2F211,Madhya Gulisakhali,43/2F,Gulishakhali Sluice WMA,Gulishakhali,Amtali,Barguna,,0,,0,0,0,,,,,,
444,15,10143_2F43_2F306,Madhya Kalagachia,43/2F,Horidrabaria-Sholohawladar Sluice WMA,Gulishakhali,Amtali,Barguna,,0,,0,0,0,,,,,,
445,16,10143_2F43_2F305,Paschim Kalagachia,43/2F,Horidrabaria-Sholohawladar Sluice WMA,Gulishakhali,Amtali,Barguna,,0,,0,0,0,,,,,,
446,17,10143_2F43_2F103,Paschim Kalagachia Paschim,43/2F,Gojkhali Sluice WMA,Gulishakhali,Amtali,Barguna,,0,,0,0,0,,,,,,
447,18,10143_2F43_2F201,Purba Gulisakhali,43/2F,Gulishakhali Sluice WMA,Gulishakhali,Amtali,Barguna,,0,,0,0,0,,,,,,
448,19,10143_2F43_2F208,Uttar Angulkata,43/2F,Gulishakhali Sluice WMA,Gulishakhali,Amtali,Barguna,,0,,0,0,0,,,,,,
449,20,10143_2F43_2F202,Uttar Dalachara,43/2F,Gulishakhali Sluice WMA,Gulishakhali,Amtali,Barguna,,0,,0,0,0,,,,,,
450,21,10143_2F43_2F102,Uttar Dalachara Uttar,43/2F,Gojkhali Sluice WMA,Gulishakhali,Amtali,Barguna,,0,,0,0,0,,,,,,
451,22,10143_2F43_2F104,Uttar Gojkhali,43/2F,Gojkhali Sluice WMA,Gulishakhali,Amtali,Barguna,,0,,0,0,0,,,,,,
452,23,10143_2F43_2F302,Uttar Gulisakhali,43/2F,Horidrabaria-Sholohawladar Sluice WMA,Gulishakhali,Amtali,Barguna,,0,,0,0,0,,,,,,
453,24,10143_2F43_2F304,Uttar Haridrabaria,43/2F,Horidrabaria-Sholohawladar Sluice WMA,Gulishakhali,Amtali,Barguna,,0,,0,0,0,,,,,,
454,25,10143_2F43_2F301,Uttar Kalibari-Bazarghona,43/2F,Horidrabaria-Sholohawladar Sluice WMA,Gulishakhali,Amtali,Barguna,,0,,0,0,0,,,,,,
455,26,10143_2F43_2F205,Uttar Khekuani,43/2F,Gulishakhali Sluice WMA,Gulishakhali,Amtali,Barguna,,0,,0,0,0,,,,,,
456,27,10143_2F43_2F307,Uttar Purba Kalagachia,43/2F,Horidrabaria-Sholohawladar Sluice WMA,Gulishakhali,Amtali,Barguna,,0,,0,0,0,,,,,,
457,1,10347_347_3108,Aligonj Khal,47/3,Polder 47/3 WMA,Mithaganj,Kalapara,Patuakhali,,0,,0,0,0,,,,,,
458,2,10347_347_3101,Dakshin Char Para Khal,47/3,Polder 47/3 WMA,Mithaganj,Kalapara,Patuakhali,1,2,2018-19,3,0,3,T-amon (Local)-Fallow-Fallow, T-amon -Mustard-Mungbean,"BRRI dhan 52, BARI Sarisha 14, BARI mung-6",100%,300%,
459,3,10347_347_3102,Golbunia-Aramgonj Khal,47/3,Polder 47/3 WMA,Mithaganj,Kalapara,Patuakhali,,0,,0,0,0,,,,,,
460,4,10347_347_3103,Mela Para Khal,47/3,Polder 47/3 WMA,Mithaganj,Kalapara,Patuakhali,,0,,0,0,0,,,,,,
461,5,10347_347_3104,Paschim Modukhali  Sluice,47/3,Polder 47/3 WMA,Mithaganj,Kalapara,Patuakhali,,0,,0,0,0,,,,,,
462,6,10347_347_3105,Shafakhali-Islampur Khal,47/3,Polder 47/3 WMA,Mithaganj,Kalapara,Patuakhali,1,1,2018-19,2,0,2,T-amon (Local)-Fallow-Fallow, T-amon -Mustard-Mungbean,"BRRI dhan 52, BARI Sarisha 14, BARI mung-6",100%,300%,
463,7,10347_347_3106,Teghachia-Azimuddin Khal,47/3,Polder 47/3 WMA,Mithaganj,Kalapara,Patuakhali,,0,,0,0,0,,,,,,
464,8,10347_347_3107,Uttar Char Para Khal,47/3,Polder 47/3 WMA,Mithaganj,Kalapara,Patuakhali,,0,,0,0,0,,,,,,
465,1,10347_447_4101,Adam Ali Khal,47/4,Polder 47/4 WMA,Dalbuganj,Kalapara,Patuakhali,,0,,0,0,0,,,,,,
466,2,10347_447_4102,Ak-koralia Khal,47/4,Polder 47/4 WMA,Dalbuganj,Kalapara,Patuakhali,,0,,0,0,0,,,,,,
467,3,10347_447_4103,Amtali Khal,47/4,Polder 47/4 WMA,Baliatali,Kalapara,Patuakhali,,0,,0,0,0,,,,,,
468,4,10347_447_4104,Ayium Para Khal,47/4,Polder 47/4 WMA,Baliatali,Kalapara,Patuakhali,,0,,0,0,0,,,,,,
469,5,10347_447_4105,Boltali-Noyakata-Tarikata Khal,47/4,Polder 47/4 WMA,Dhulasar,Kalapara,Patuakhali,1,5,2018-19,3,0,3,T-amon (Local)-Fallow-Fallow, T-amon -Mustard-Mungbean,"BRRI dhan 52, BARI Sarisha 14, BARI mung-6",100%,300%,
470,6,10347_447_4106,Borkotia Khal,47/4,Polder 47/4 WMA,Dalbuganj,Kalapara,Patuakhali,,0,,0,0,0,,,,,,
471,7,10347_447_4107,Char Nazib Khal,47/4,Polder 47/4 WMA,Baliatali,Kalapara,Patuakhali,,0,,0,0,0,,,,,,
472,8,10347_447_4108,Company Khal,47/4,Polder 47/4 WMA,Baliatali,Kalapara,Patuakhali,1,4,2018-19,3,0,3,T-amon (Local)-Fallow-Fallow, T-amon -Mustard-Mungbean,"BRRI dhan 52, BARI Sarisha 14, BARI mung-6",100%,300%,
473,9,10347_447_4109,Dhora Khal,47/4,Polder 47/4 WMA,Dhulasar,Kalapara,Patuakhali,,0,,0,0,0,,,,,,
474,10,10347_447_4110,Hetalbunia Khal,47/4,Polder 47/4 WMA,Dhulasar,Kalapara,Patuakhali,,0,,0,0,0,,,,,,
475,11,10347_447_4111,Katakhali-Kabirar Khal,47/4,Polder 47/4 WMA,Mithaganj,Kalapara,Patuakhali,,0,,0,0,0,,,,,,
476,12,10347_447_4112,Khekhar Khal,47/4,Polder 47/4 WMA,Baliatali,Kalapara,Patuakhali,1,3,2018-19,2,0,2,T-amon (Local)-Fallow-Fallow, T-amon -Mustard-Mungbean,"BRRI dhan 52, BARI Sarisha 14, BARI mung-6",100%,300%,
477,13,10347_447_4113,Modukhali Khal,47/4,Polder 47/4 WMA,Mithaganj,Kalapara,Patuakhali,,0,,0,0,0,,,,,,
478,14,10347_447_4114,Monoshatali Khal,47/4,Polder 47/4 WMA,Dalbuganj,Kalapara,Patuakhali,,0,,0,0,0,,,,,,
479,15,10347_447_4115,Pakkshia Para Khal,47/4,Polder 47/4 WMA,Baliatali,Kalapara,Patuakhali,,0,,0,0,0,,,,,,
480,16,10347_447_4116,Shapla Dogir Khal,47/4,Polder 47/4 WMA,Baliatali,Kalapara,Patuakhali,,0,,0,0,0,,,,,,
481,17,10347_447_4117,Shonirvor Khal,47/4,Polder 47/4 WMA,Baliatali,Kalapara,Patuakhali,1,4,2018-19,4,0,4,T-amon (Local)-Fallow-Fallow, T-amon -Mustard-Mungbean,"BRRI dhan 52, BARI Sarisha 14, BARI mung-6",100%,300%,
482,18,10347_447_4118,Varanir Khal,47/4,Polder 47/4 WMA,Baliatali,Kalapara,Patuakhali,,0,,0,0,0,,,,,,
483,1,10255_2A55_2A101,Akhoibaria Bahermouze,55/2A,Polder 55/2A WMA,Kamalapur,Patuakhali Sadar,Patuakhali,,0,,0,0,0,,,,,,
484,2,10255_2A55_2A102,Betagi Chikerbandh,55/2A,Polder 55/2A WMA,Betagi Sankipura,Dashmina,Patuakhali,,0,,0,0,0,,,,,,
485,3,10255_2A55_2A103,Betagi Sankipur Radhasetaram,55/2A,Polder 55/2A WMA,Betagi Sankipura,Dashmina,Patuakhali,1,3,2017-18,3,0,3, T-amon (Local)-Mungbean-Fallow, T-amon -Mustard-Mungbean,"BRRI dhan 52, BARI Sarisha 14, ",200%,300%,
486,4,10255_2A55_2A104,Bot O Char Balakati Krokmahal,55/2A,Polder 55/2A WMA,Kamalapur,Patuakhali Sadar,Patuakhali,,0,,0,0,0,,,,,,
487,5,10255_2A55_2A105,Char Moishadi Sluice,55/2A,Polder 55/2A WMA,Kamalapur,Patuakhali Sadar,Patuakhali,1,2,2018-19,2,0,2, T-amon (BR23)-Mungbean-Fallow, T-amon -Mustard-Mungbean,"BRRI dhan 52, BARI Sarisha 14, ",200%,300%,
488,6,10255_2A55_2A106,Chownkhola Labilochan Lamna,55/2A,Polder 55/2A WMA,Bakulbaria,Galachipa,Patuakhali,,0,,0,0,0,,,,,,
489,7,10255_2A55_2A107,Dakshin Dharandi Bazar Sluice,55/2A,Polder 55/2A WMA,Kamalapur,Patuakhali Sadar,Patuakhali,1,1,2018-19,2,0,2, T-amon (BR23)-Mungbean-Fallow, T-amon -Mustard-Mungbean,"BRRI dhan 52, BARI Sarisha 14, ",200%,300%,
490,8,10255_2A55_2A108,Dharandi Kamlapur Adharsha,55/2A,Polder 55/2A WMA,Kamalapur,Patuakhali Sadar,Patuakhali,1,1,2018-19,3,0,3, T-amon (BR23)-Mungbean-Fallow, T-amon -Mustard-Mungbean,"BRRI dhan 52, BARI Sarisha 14, ",200%,300%,
491,9,10255_2A55_2A109,Hazirhat Sluice,55/2A,Polder 55/2A WMA,Adabaria,Bauphal,Patuakhali,,0,,0,0,0,,,,,,
492,10,10255_2A55_2A110,Kharija Betagi Sluice,55/2A,Polder 55/2A WMA,Betagi Sankipura,Dashmina,Patuakhali,,0,,0,0,0,,,,,,
493,11,10255_2A55_2A111,Madhya Dharandi Chandipur,55/2A,Polder 55/2A WMA,Kamalapur,Patuakhali Sadar,Patuakhali,,0,,0,0,0,,,,,,
494,12,10255_2A55_2A112,Naomala Nizbotkazal Bhangra,55/2A,Polder 55/2A WMA,Noamala,Bauphal,Patuakhali,1,3,2017-18,3,0,3, T-amon (Local)-Mungbean-Fallow, T-amon -Mustard-Mungbean,"BRRI dhan 52, BARI Sarisha 14, ",200%,300%,
495,13,10255_2A55_2A113,Patabunia,55/2A,Polder 55/2A WMA,Bakulbaria,Galachipa,Patuakhali,,0,,0,0,0,,,,,,
496,14,10255_2A55_2A114,Sankipur Moishadi Naomala Adharsha,55/2A,Polder 55/2A WMA,Betagi Sankipura,Dashmina,Patuakhali,,0,,0,0,0,,,,,,
497,1,10255_2C55_2C104,Bakulbaria-Kharizza Betagi Sonamiar Khal,55/2C,Bakulbaria-Alipur-Chandpura-Kharizza Betagi Sluice,Bakulbaria,Galachipa,Patuakhali,,0,,0,0,0,,,,,,
498,2,10255_2C55_2C203,Bashabaria Puler Khal,55/2C,Bakulbaria-Kallankalash-Chiknikandi Sluice WMA,Chiknikandi,Galachipa,Patuakhali,,0,,0,0,0,,,,,,
499,3,10255_2C55_2C209,Bhadrabariar Khal,55/2C,Bakulbaria-Kallankalash-Chiknikandi Sluice WMA,Kalagachia,Galachipa,Patuakhali,,0,,0,0,0,,,,,,
500,4,10255_2C55_2C105,Budaram Khal,55/2C,Bakulbaria-Alipur-Chandpura-Kharizza Betagi Sluice,Alipur,Dashmina,Patuakhali,1,5,2017-18,10,0,10, T-amon (Local)-Mungbean-Fallow, T-amon -Mustard-Mungbean,"BRRI dhan 52, BARI Sarisha 14, ",200%,300%,
501,5,10255_2C55_2C206,Chilar Khal,55/2C,Bakulbaria-Kallankalash-Chiknikandi Sluice WMA,Kalagachia,Galachipa,Patuakhali,,0,,0,0,0,,,,,,
502,6,10255_2C55_2C103,Guabaria-Ranuar Khal,55/2C,Bakulbaria-Alipur-Chandpura-Kharizza Betagi Sluice,Bakulbaria,Galachipa,Patuakhali,,0,,0,0,0,,,,,,
503,7,10255_2C55_2C205,Kachua-Mohisdanga Khal,55/2C,Bakulbaria-Kallankalash-Chiknikandi Sluice WMA,Chiknikandi,Galachipa,Patuakhali,,0,,0,0,0,,,,,,
504,8,10255_2C55_2C201,Kalyankalash Prodhan Khal,55/2C,Bakulbaria-Kallankalash-Chiknikandi Sluice WMA,Kalagachia,Galachipa,Patuakhali,1,5,2018-19,2,0,2, T-amon (BR23)-Mungbean-Fallow, T-amon -Mustard-Mungbean,"BRRI dhan 52, BARI Sarisha 14, ",200%,300%,
505,9,10255_2C55_2C101,Kamarkhali Khal,55/2C,Bakulbaria-Alipur-Chandpura-Kharizza Betagi Sluice,Bakulbaria,Galachipa,Patuakhali,1,3,2018-19,3,0,3, T-amon (BR23)-Mungbean-Fallow, T-amon -Mustard-Mungbean,"BRRI dhan 52, BARI Sarisha 14, ",200%,300%,
506,10,10255_2C55_2C208,Katakhali Khal,55/2C,Bakulbaria-Kallankalash-Chiknikandi Sluice WMA,Kalagachia,Galachipa,Patuakhali,2,4,2017-19,10,0,10, T-amon (Local)-Mungbean-Fallow, T-amon -Mustard-Mungbean,"BRRI dhan 52, BARI Sarisha 14, ",200%,300%,
507,11,10255_2C55_2C207,Kharizzama Khal,55/2C,Bakulbaria-Kallankalash-Chiknikandi Sluice WMA,Kalagachia,Galachipa,Patuakhali,1,5,2018-19,2,0,2, T-amon (BR23)-Mungbean-Fallow, T-amon -Mustard-Mungbean,"BRRI dhan 52, BARI Sarisha 14, ",200%,300%,
508,12,10255_2C55_2C102,Lamna-Guabaria Khal,55/2C,Bakulbaria-Alipur-Chandpura-Kharizza Betagi Sluice,Bakulbaria,Galachipa,Patuakhali,1,5,2018-19,6,0,6, T-amon (BR23)-Mungbean-Fallow, T-amon -Mustard-Mungbean,"BRRI dhan 52, BARI Sarisha 14, ",200%,300%,
509,13,10255_2C55_2C107,Madhupura-Denath Khan Khal,55/2C,Bakulbaria-Alipur-Chandpura-Kharizza Betagi Sluice,Alipur,Dashmina,Patuakhali,,0,,0,0,0,,,,,,
510,14,10255_2C55_2C106,Rohitpura Khal,55/2C,Bakulbaria-Alipur-Chandpura-Kharizza Betagi Sluice,Alipur,Dashmina,Patuakhali,2,6,2017-19,6,0,6, T-amon (Local)-Mungbean-Fallow, T-amon -Mustard-Mungbean,"BRRI dhan 52, BARI Sarisha 14, ",200%,300%,
511,15,10255_2C55_2C204,Sutabaria Khal,55/2C,Bakulbaria-Kallankalash-Chiknikandi Sluice WMA,Chiknikandi,Galachipa,Patuakhali,,0,,0,0,0,,,,,,
512,16,10255_2C55_2C202,Ulashir Khal,55/2C,Bakulbaria-Kallankalash-Chiknikandi Sluice WMA,Bakulbaria,Galachipa,Patuakhali,,0,,0,0,0,,,,,,
Total,,,,,,,,,67,216,,377,3,380,,,,,,
,,,,,,,,,,,,,,,,,,,,
,,,,,,,,,,,,,,,,,,,,
,,,,,,,,,,,,,,,,,,,,
,,FFS Crop Code,FFS Crop,,,,,,,,,,,,,,,,,
,,1,Aman,,,,,,,,,,,,,,,,,
,,2,,,,,,,,,,,,,,,,,,
,,3,,,,,,,,,,,,,,,,,,
,,4,,,,,,,,,,,,,,,,,,
,,5,,,,,,,,,,,,,,,,,,
,,6,,,,,,,,,,,,,,,,,,
,,7,,,,,,,,,,,,,,,,,,
,,8,,,,,,,,,,,,,,,,,,
